URL,Actual,Predicted,Comments
164005_CookingArea_7.jpg,2,3,Well organised
255004_CookingArea_7.jpg,2,4,NA
308004_CookingArea_7.jpg,4,3,Nice
110005_CookingArea_7.jpg,4,4,Very sophisticated
268002_CookingArea_7.jpg,1,3,fine
461011_CookingArea_7.jpg,2,3,Neat and clean
217007_CookingArea_7.jpg,1,0,Small kitchen are
375005_CookingArea_7.jpg,3,4,Neat and clean
186004_CookingArea_7.jpg,2,1,On average
54005_CookingArea_7.jpg,1,2,Simple
524014_CookingArea_7.jpg,1,0,Small kitchen area
333012_CookingArea_7.jpg,0,3,Messy
156013_CookingArea_7.jpg,4,3,Spacious kitchen
464013_CookingArea_7.jpg,3,4,Good looking
58014_CookingArea_7.jpg,2,2,NA
1036006_CookingArea_7.jpg,3,3,Fine
125003_CookingArea_7.jpg,4,3,Well arranged
77012_CookingArea_7.jpg,4,4,Looking beautiful
306010_CookingArea_7.jpg,4,2,Normal kitchen
363013_CookingArea_7.jpg,1,2,NA
195013_CookingArea_7.jpg,0,2,Quite spacious
513010_CookingArea_7.jpg,3,1,few items
403003_CookingArea_7.jpg,1,2,Neat and clean
430010_CookingArea_7.jpg,1,1,Not so clean
158004_CookingArea_7.jpg,2,1,Basic
15004_CookingArea_7.jpg,2,0,Small
164005_CookingArea_7.jpg,2,3,Well arranged
224001_CookingArea_7.jpg,1,2,NA
203008_CookingArea_7.jpg,0,2,Nice
441003_CookingArea_7.jpg,2,3,Fine kitchen
184007_CookingArea_7.jpg,1,1,No space
503001_CookingArea_7.jpg,2,3,Lots of item
30002_CookingArea_7.jpg,3,1,Small Kitchen
432013_CookingArea_7.jpg,2,3,Neat and clean
502007_CookingArea_7.jpg,2,4,NA
480011_CookingArea_7.jpg,1,2,Neat and clean
31007_CookingArea_7.jpg,0,3,Nicely decorated 
50014_CookingArea_7.jpg,4,4,Preety much fine
270009_CookingArea_7.jpg,1,3,Nicely organised
235010_CookingArea_7.jpg,3,3,A spacious kitchen
510012_CookingArea_7.jpg,2,1,On average
376006_CookingArea_7.jpg,2,0,Only cylinder and cooking
128011_CookingArea_7.jpg,2,2,On average
415013_CookingArea_7.jpg,1,1,only hearth
382009_CookingArea_7.jpg,1,1,Only hearth
126014_CookingArea_7.jpg,2,2,NA
38002_CookingArea_7.jpg,0,2,Small kitchen
406008_CookingArea_7.jpg,2,3,Looks nice kitchen
244002_CookingArea_7.jpg,4,4,Neat and clean
133009_CookingArea_7.jpg,3,3,Joint hearth
374012_CookingArea_7.jpg,3,3,Nicely arranged utensil
452007_CookingArea_7.jpg,1,0,Small kitchen
339008_CookingArea_7.jpg,1,2,NA
95012_CookingArea_7.jpg,1,0,Few items
374006_CookingArea_7.jpg,0,4,Big size kitchen
66003_CookingArea_7.jpg,3,2,Neat and clean
462011_CookingArea_7.jpg,4,2,Middle size kitchen
56009_CookingArea_7.jpg,2,2,Lots of utensils
366008_CookingArea_7.jpg,3,2,Lots of item
136014_CookingArea_7.jpg,1,0,Small kitchen
424005_CookingArea_7.jpg,1,0,A big hearth
506011_CookingArea_7.jpg,1,1,Scattered things
309006_CookingArea_7.jpg,2,4,Sophisticated kitcen
196002_CookingArea_7.jpg,0,2,Well organised
123010_CookingArea_7.jpg,3,1,Neat and clean
362001_CookingArea_7.jpg,2,4,Modern kitchen
316003_CookingArea_7.jpg,1,2,Well ordered things
268008_CookingArea_7.jpg,2,2,Normal kitchen
513006_CookingArea_7.jpg,2,3,Looks nice
13004_CookingArea_7.jpg,4,3,Modern kitchen
269013_CookingArea_7.jpg,3,2,New style kitchen
119004_CookingArea_7.jpg,2,3,Spacious kitchen
340009_CookingArea_7.jpg,4,3,Neat and clean kitchen
247008_CookingArea_7.jpg,0,3,Nicely arranged things
82004_CookingArea_7.jpg,2,2,A big kitchen
228006_CookingArea_7.jpg,3,1,Traditional  kitchen
380006_CookingArea_7.jpg,1,1,old style kitchen
402010_CookingArea_7.jpg,2,3,Semi modern 
23010_CookingArea_7.jpg,2,2,Nice 
128012_CookingArea_7.jpg,2,4,Neat and clean
21007_CookingArea_7.jpg,1,0,Traditional 
455014_CookingArea_7.jpg,1,2,Semi modern 
183012_CookingArea_7.jpg,4,1,Traditional 
502007_CookingArea_7.jpg,2,1,Big size 
405002_CookingArea_7.jpg,0,1,Traditional 
245002_CookingArea_7.jpg,1,3,Semi modern
496004_CookingArea_7.jpg,1,2,Traditional
40003_CookingArea_7.jpg,1,0,Small kitchen area
130010_CookingArea_7.jpg,1,1,Few items
205005_CookingArea_7.jpg,1,0,Old styled
155002_CookingArea_7.jpg,1,2,Normal sized kitchen
308012_CookingArea_7.jpg,1,2,Not so bad
135007_CookingArea_7.jpg,2,1,Old styled
59010_CookingArea_7.jpg,1,3,Semi modern 
314003_CookingArea_7.jpg,1,0,NA
183007_CookingArea_7.jpg,0,0,No basic items
109009_CookingArea_7.jpg,1,1,Only hearth
160002_CookingArea_7.jpg,3,1,Smal kitchen
68012_CookingArea_7.jpg,3,3,Fully modern kitchen
505001_CookingArea_7.jpg,3,1,Old styled
386011_CookingArea_7.jpg,4,1,Lack of modern item
253006_CookingArea_7.jpg,1,1,Less space
430009_CookingArea_7.jpg,2,4,Ample space
397010_CookingArea_7.jpg,2,3,Semi modern
428012_CookingArea_7.jpg,2,0,old style
64001_CookingArea_7.jpg,1,1,Traditional 
224002_CookingArea_7.jpg,1,1,Small kitchen
210009_CookingArea_7.jpg,0,2,Traditional
5006_CookingArea_7.jpg,4,2,Modern style
104004_CookingArea_7.jpg,2,3,Newly designed kitchen
363006_CookingArea_7.jpg,0,1,Traditional 
9001_CookingArea_7.jpg,2,2,Modern but less item
44005_CookingArea_7.jpg,1,3,Tradional
413007_CookingArea_7.jpg,3,1,Small kitchen
83009_CookingArea_7.jpg,1,0,Only hearth
240003_CookingArea_7.jpg,1,1,Old style
490007_CookingArea_7.jpg,3,2,Nicely arranged 
243005_CookingArea_7.jpg,1,0,Only utensils
467009_CookingArea_7.jpg,0,3,Well designed 
524005_CookingArea_7.jpg,3,1,Tradionall
469006_CookingArea_7.jpg,2,2,Modern
251011_CookingArea_7.jpg,4,0,NA
225001_CookingArea_7.jpg,0,4,Newly built modern 
441011_CookingArea_7.jpg,2,3,Traditional
445006_CookingArea_7.jpg,1,0,Small 
66009_CookingArea_7.jpg,4,1,NA
240010_CookingArea_7.jpg,4,1,Traditional
321006_CookingArea_7.jpg,0,3,Modern kitchen
382004_CookingArea_7.jpg,3,2,Ample size
1049006_CookingArea_7.jpg,2,1,Small kitchen
455008_CookingArea_7.jpg,1,3,Semi modern
145004_CookingArea_7.jpg,1,1,NA
208004_CookingArea_7.jpg,3,0,Only traditional hearth
256010_CookingArea_7.jpg,0,3,Big size
375005_CookingArea_7.jpg,3,1,Traditional 
444005_CookingArea_7.jpg,3,1,Small sized
314002_CookingArea_7.jpg,0,4,Modern kitchen
381008_CookingArea_7.jpg,2,1,NA
93005_CookingArea_7.jpg,1,2,Semi modern
318001_CookingArea_7.jpg,2,3,Modern kitchen
108010_CookingArea_7.jpg,4,1,Not so bad
282007_CookingArea_7.jpg,4,4,Modern kitchen
453010_CookingArea_7.jpg,3,3,Neat and clean
325002_CookingArea_7.jpg,1,0,NA
234003_CookingArea_7.jpg,1,4,Modern Stye
308004_CookingArea_7.jpg,4,3,Well organised
410002_CookingArea_7.jpg,2,2,Nice designing
11005_CookingArea_7.jpg,0,2,NA
380006_CookingArea_7.jpg,1,1,Old style
481007_CookingArea_7.jpg,3,2,Semi modern
187012_CookingArea_7.jpg,1,3,Neat and clean
45004_CookingArea_7.jpg,2,3,Nicely organised
236014_CookingArea_7.jpg,1,2,Traditional
316012_CookingArea_7.jpg,3,2,Big size
54012_CookingArea_7.jpg,2,2,Neat and clean
455002_CookingArea_7.jpg,0,1,Traditional
187004_CookingArea_7.jpg,0,0,Only hearth
79001_CookingArea_7.jpg,4,2,Nicely arranged
293007_CookingArea_7.jpg,2,4,Modern kithen
336001_CookingArea_7.jpg,4,1,Neat and clean
131003_CookingArea_7.jpg,1,3,Nicely built
437003_CookingArea_7.jpg,3,2,Modern but small
67010_CookingArea_7.jpg,3,0,NA
213004_CookingArea_7.jpg,0,3,Modern
130003_CookingArea_7.jpg,1,3,Big size
219005_CookingArea_7.jpg,3,2,On average
186006_CookingArea_7.jpg,4,1,Traditional 
391012_CookingArea_7.jpg,1,1,Old style
77005_CookingArea_7.jpg,1,1,Traditional 
77004_CookingArea_7.jpg,2,2,Small size
240004_CookingArea_7.jpg,4,4,Highly modern
363001_CookingArea_7.jpg,4,0,Only hearth
76002_CookingArea_7.jpg,1,1,Small size kitchen
362001_CookingArea_7.jpg,2,0,Old 
402010_CookingArea_7.jpg,2,2,Neat and clean
241011_CookingArea_7.jpg,0,1,Semi modern
122008_CookingArea_7.jpg,1,2,Tradional
86005_CookingArea_7.jpg,2,3,Nicely designed
409002_CookingArea_7.jpg,0,4,NA
342010_CookingArea_7.jpg,0,3,traditional
84014_CookingArea_7.jpg,0,1,Traditional 
331009_CookingArea_7.jpg,2,2,Semi modern
241009_CookingArea_7.jpg,3,1,Tradional
337007_CookingArea_7.jpg,2,3,Ample size
248004_CookingArea_7.jpg,1,4,Modern kitchen
470007_CookingArea_7.jpg,1,1,Traditional
498002_CookingArea_7.jpg,1,1,Old
208003_CookingArea_7.jpg,4,1,Modern but small
400004_CookingArea_7.jpg,1,1,Traditional
225001_CookingArea_7.jpg,0,4,Modern type
483004_CookingArea_7.jpg,4,2,Tradional
483003_CookingArea_7.jpg,1,1,Less items
413012_CookingArea_7.jpg,2,1,NA
374012_CookingArea_7.jpg,3,1,Traditional
209012_CookingArea_7.jpg,1,2,Modern but small
430009_CookingArea_7.jpg,2,3,Traditional
57011_CookingArea_7.jpg,2,2,On average
400006_CookingArea_7.jpg,3,1,Traditional
120005_CookingArea_7.jpg,3,3,Quite spacious
391003_CookingArea_7.jpg,2,3,Modern kitchen
136009_CookingArea_7.jpg,3,0,Only hearth
1009003_CookingArea_7.jpg,0,1,Traditional 
83004_CookingArea_7.jpg,2,2,Small size 
91005_CookingArea_7.jpg,1,1,Only hearth
141006_CookingArea_7.jpg,2,2,Normal size
280005_CookingArea_7.jpg,4,2,Modern type
505005_CookingArea_7.jpg,4,4,Tradition
363001_CookingArea_7.jpg,4,2,Neat and clean
108013_CookingArea_7.jpg,2,2,Modern type
132003_CookingArea_7.jpg,4,4,Modern kitchen
160005_CookingArea_7.jpg,4,4,Modern type
473010_CookingArea_7.jpg,1,2,Traditional
443003_CookingArea_7.jpg,0,1,Semi modern
506013_CookingArea_7.jpg,2,0,old 
99008_CookingArea_7.jpg,3,1,Modern but less item
279012_CookingArea_7.jpg,0,2,modern type
343007_CookingArea_7.jpg,0,3,Modern type
316003_CookingArea_7.jpg,1,1,Traditional
448009_CookingArea_7.jpg,1,1,lots of items and less space
23010_CookingArea_7.jpg,2,1,Old hearth
43011_CookingArea_7.jpg,1,1,Traditional
483003_CookingArea_7.jpg,1,1,Old
109009_CookingArea_7.jpg,1,1,Small size
110003_CookingArea_7.jpg,2,2,Spacious 
73007_CookingArea_7.jpg,3,3,Modern 
95012_CookingArea_7.jpg,1,4,Modern kitchen
306007_CookingArea_7.jpg,0,2,Less space
368005_CookingArea_7.jpg,4,2,Traditional
504008_CookingArea_7.jpg,3,4,Highly modern
44014_CookingArea_7.jpg,2,2,Modern
426002_CookingArea_7.jpg,4,2,Traditional
300002_CookingArea_7.jpg,2,1,Gas stove only
363013_CookingArea_7.jpg,1,1,Traditional hearth
1036005_CookingArea_7.jpg,1,1,NA
2005_CookingArea_7.jpg,1,1,Small size
473001_CookingArea_7.jpg,3,1,Old hearth
44008_CookingArea_7.jpg,1,1,Traditional
138002_CookingArea_7.jpg,0,3,Modern cooking stove
459004_CookingArea_7.jpg,4,1,Traditional
87003_CookingArea_7.jpg,3,2,Cooking stove
84013_CookingArea_7.jpg,4,4,Highly modern
367004_CookingArea_7.jpg,3,3,Semi stylist
239013_CookingArea_7.jpg,2,1,Traditional hearth
309006_CookingArea_7.jpg,2,1,Traditional
414005_CookingArea_7.jpg,4,3,Quite spacious
462002_CookingArea_7.jpg,2,2,Semi modern
56005_CookingArea_7.jpg,3,1,Gas cooking stove
494003_CookingArea_7.jpg,1,2,Neat and clean
187006_CookingArea_7.jpg,0,1,Traditional 
253006_CookingArea_7.jpg,1,1,NA
45004_CookingArea_7.jpg,2,1,Traditional type
261010_CookingArea_7.jpg,1,1,Traditional
378007_CookingArea_7.jpg,3,1,NA
248010_CookingArea_7.jpg,2,1,Traditional
268007_CookingArea_7.jpg,0,2,Traditional hearth
253003_CookingArea_7.jpg,1,2,Quite spacious
154011_CookingArea_7.jpg,2,2,Ample space
86007_CookingArea_7.jpg,1,1,Traditional hearth
333010_CookingArea_7.jpg,1,1,Small kitchen
119004_CookingArea_7.jpg,2,2,Traditional 
68006_CookingArea_7.jpg,3,3,Modern type kitchen
382007_CookingArea_7.jpg,2,1,Small size kitchen
380011_CookingArea_7.jpg,1,1,Basic kitchen
30012_CookingArea_7.jpg,2,2,Gas cooking stove
12012_CookingArea_7.jpg,4,3,Modern kitchen
378007_CookingArea_7.jpg,3,3,Well arranged
286010_CookingArea_7.jpg,1,1,Traditional
275004_CookingArea_7.jpg,1,1,Space crunch
70014_CookingArea_7.jpg,4,4,A big kitchen
273003_CookingArea_7.jpg,4,4,Small kitchen
376006_CookingArea_7.jpg,2,2,NA
262010_CookingArea_7.jpg,3,2,Traditional
375010_CookingArea_7.jpg,2,4,Big Kitchen
491001_CookingArea_7.jpg,1,2,On average
418011_CookingArea_7.jpg,4,1,Neat and clean
391013_CookingArea_7.jpg,2,1,Quite modern
253004_CookingArea_7.jpg,1,0,Only hearth
43011_CookingArea_7.jpg,1,0,Lots of utensil
239009_CookingArea_7.jpg,0,1,Only hearth
139005_CookingArea_7.jpg,0,1,Traditional
468010_CookingArea_7.jpg,2,1,Cooking gas stove
22007_CookingArea_7.jpg,3,2,Only cooking gas stove
376011_CookingArea_7.jpg,4,1,NA
487012_CookingArea_7.jpg,2,1,Small kitchen
369014_CookingArea_7.jpg,1,2,Traditional but small
341007_CookingArea_7.jpg,1,0,Traditional
212005_CookingArea_7.jpg,2,2,Neat and clean
275001_CookingArea_7.jpg,1,2,NA
21002_CookingArea_7.jpg,1,1,Traditional
93002_CookingArea_7.jpg,4,2,Nice
496010_CookingArea_7.jpg,2,3,Modern 
238009_CookingArea_7.jpg,0,3,NA
506014_CookingArea_7.jpg,3,1,Only hearth
524014_CookingArea_7.jpg,1,1,Cooking gas stove
233014_CookingArea_7.jpg,0,0,Traditional 
314010_CookingArea_7.jpg,3,4,quite spacious
490007_CookingArea_7.jpg,3,3,Lots of items
391007_CookingArea_7.jpg,2,0,Looking preety
485011_CookingArea_7.jpg,0,1,Cooking stove
90005_CookingArea_7.jpg,3,0,Only hearth
308004_CookingArea_7.jpg,4,4,Highly modern 
148011_CookingArea_7.jpg,1,3,Traditional
115002_CookingArea_7.jpg,2,2,Only traditional hearth
229007_CookingArea_7.jpg,0,3,Modern kitchen
269011_CookingArea_7.jpg,2,1,Traditional kitchen
121004_CookingArea_7.jpg,2,3,NA
438005_CookingArea_7.jpg,0,3,Neat and clean
255004_CookingArea_7.jpg,2,2,NA
244002_CookingArea_7.jpg,4,2,Traditional 
395007_CookingArea_7.jpg,3,3,Traditional 
162003_CookingArea_7.jpg,1,2,NA
206004_CookingArea_7.jpg,2,4,Quite modern 
373002_CookingArea_7.jpg,4,4,Neat and clean
409002_CookingArea_7.jpg,0,0,NA
305007_CookingArea_7.jpg,0,0,Old type
214009_CookingArea_7.jpg,2,2,Small kitchen
432008_CookingArea_7.jpg,1,1,NA
425006_CookingArea_7.jpg,0,2,Ample space
149012_CookingArea_7.jpg,2,1,Traditional
466010_CookingArea_7.jpg,2,3,Nice furniture
199012_CookingArea_7.jpg,3,2,Small kitchen space
337007_CookingArea_7.jpg,2,1,NA
1006013_CookingArea_7.jpg,4,4,Neat and clean
145001_CookingArea_7.jpg,1,3,Neat and clean
474007_CookingArea_7.jpg,2,1,NA
384012_CookingArea_7.jpg,3,1,NA
68006_CookingArea_7.jpg,3,3,Modern
84013_CookingArea_7.jpg,4,1,Old type
466002_CookingArea_7.jpg,2,2,Modern
63005_CookingArea_7.jpg,1,1,Cooking stove
23006_CookingArea_7.jpg,1,1,Traditional
312004_CookingArea_7.jpg,1,1,Traditional
17004_CookingArea_7.jpg,1,1,Small kitchen
154002_CookingArea_7.jpg,2,1,NA
423009_CookingArea_7.jpg,0,4,Newly built modern
392005_CookingArea_7.jpg,3,0,Traditional hearth
86011_CookingArea_7.jpg,1,2,Nice
62009_CookingArea_7.jpg,0,2,Semi modern
238012_CookingArea_7.jpg,2,2,Cooking stove
197009_CookingArea_7.jpg,4,1,NA
28007_CookingArea_7.jpg,1,1,Old type
382004_CookingArea_7.jpg,3,3,Modern type
278008_CookingArea_7.jpg,1,2,Normal size of kitchen
247012_CookingArea_7.jpg,3,1,Well arranged
217006_CookingArea_7.jpg,1,1,Neat and clean
44014_CookingArea_7.jpg,2,2,Medium size
207001_CookingArea_7.jpg,0,1,Nicely built 
428012_CookingArea_7.jpg,2,2,NA
192002_CookingArea_7.jpg,0,0,Traditional
136014_CookingArea_7.jpg,1,1,Normal size
333002_CookingArea_7.jpg,1,1,Only traditional hearth
185010_CookingArea_7.jpg,3,3,Neat and clean 
248006_CookingArea_7.jpg,2,1,Big size of kitchen
457011_CookingArea_7.jpg,0,1,Traditional hearth
486001_CookingArea_7.jpg,2,2,Intresting inerior designing
432004_CookingArea_7.jpg,1,2,Traditional hearth
182012_CookingArea_7.jpg,2,1,Only cooking stove
388004_CookingArea_7.jpg,3,3,Quite spacious
273006_CookingArea_7.jpg,1,1,Only cooking stove
6004_CookingArea_7.jpg,3,3,A big size of kitchen
493006_CookingArea_7.jpg,1,4,Neat and clean
123010_CookingArea_7.jpg,3,4,Newly built walls are painted
368002_CookingArea_7.jpg,4,4,Spacious and modern kitchen
446004_CookingArea_7.jpg,4,4,Highly modern type
288007_CookingArea_7.jpg,0,0,Only traditional hearth
47003_CookingArea_7.jpg,2,3,Spacious
90013_CookingArea_7.jpg,3,3,Modern kitchen
1002008_CookingArea_7.jpg,2,2,Traditional hearth
40004_CookingArea_7.jpg,1,1,Normal hearth
375011_CookingArea_7.jpg,2,2,Normally modern 
197010_CookingArea_7.jpg,4,1,Normal hearth
136014_CookingArea_7.jpg,1,2,Normal size of kitchen
249002_CookingArea_7.jpg,1,1,Traditional hearth
217004_CookingArea_7.jpg,1,1,Semi modern
22002_CookingArea_7.jpg,2,2,Semi modern
207002_CookingArea_7.jpg,0,1,Traditional setup
414008_CookingArea_7.jpg,1,3,Quite modern
215003_CookingArea_7.jpg,3,3,Very simple  kitchen but only cooking stove
80007_CookingArea_7.jpg,0,2,Semi modern
468010_CookingArea_7.jpg,2,1,Traditional type 
234014_CookingArea_7.jpg,2,2,Modern type 
333009_CookingArea_7.jpg,4,1,Traditional type 
212001_CookingArea_7.jpg,2,2,Quite spacious
154002_CookingArea_7.jpg,2,2,Spacious 
265010_CookingArea_7.jpg,1,4,Highly modern
69011_CookingArea_7.jpg,3,1,Traditional hearth
94010_CookingArea_7.jpg,4,2,Traditional 
50014_CookingArea_7.jpg,4,4,Highly modern with wash basin
106013_CookingArea_7.jpg,1,3,Modern type 
372012_CookingArea_7.jpg,1,1,Traditional type but small also
17009_CookingArea_7.jpg,0,1,Traditional 
509001_CookingArea_7.jpg,3,3,combination of Modern and traditional
50002_CookingArea_7.jpg,1,2,Quite spacious 
415004_CookingArea_7.jpg,2,2,Highly scattered 
183005_CookingArea_7.jpg,0,0,NA
508013_CookingArea_7.jpg,3,3,Well arranged and modern as well
420004_CookingArea_7.jpg,3,3,Neat and clean
213012_CookingArea_7.jpg,2,2,Simple kitchen
290011_CookingArea_7.jpg,1,1,Quite traditional 
481001_CookingArea_7.jpg,4,1,Quite spacious along with traditional 
398007_CookingArea_7.jpg,1,0,Kitchen in open area
343008_CookingArea_7.jpg,0,0,Traditonal but few items
212009_CookingArea_7.jpg,3,3,traditinoal but big 
23007_CookingArea_7.jpg,2,2,Neat and clean
470014_CookingArea_7.jpg,1,1,Traditional 
212008_CookingArea_7.jpg,3,1,Traditional 
122007_CookingArea_7.jpg,4,2,Modern but simple 
489008_CookingArea_7.jpg,1,3,Quite modern 
506013_CookingArea_7.jpg,2,3,Modern but less space 
383006_CookingArea_7.jpg,2,2,NA
470014_CookingArea_7.jpg,1,1,Traditional 
216011_CookingArea_7.jpg,1,1,Less utensils 
160002_CookingArea_7.jpg,3,2,"Trdaitinal, neat and clean "
23004_CookingArea_7.jpg,2,3,Quite modern
480008_CookingArea_7.jpg,0,3,Quite spacious 
22007_CookingArea_7.jpg,3,3,Neat and clean
458010_CookingArea_7.jpg,2,2,NA
26003_CookingArea_7.jpg,2,2,Small kitchen
286010_CookingArea_7.jpg,1,1,Temporary hearth
234003_CookingArea_7.jpg,1,1,Less space 
379007_CookingArea_7.jpg,2,2,Well arranged 
87010_CookingArea_7.jpg,4,1,Only cooking stove
452002_CookingArea_7.jpg,3,3,Quite modern 
470009_CookingArea_7.jpg,0,2,Nice designing
305009_CookingArea_7.jpg,4,1,Traditional 
470014_CookingArea_7.jpg,1,2,NA
318001_CookingArea_7.jpg,2,2,Traditional kitchen
466010_CookingArea_7.jpg,2,2,NA
67003_CookingArea_7.jpg,1,1,Small kitchen
66012_CookingArea_7.jpg,1,1,only cooking stove
403002_CookingArea_7.jpg,2,2,Less space 
128012_CookingArea_7.jpg,2,2,Traditional
248006_CookingArea_7.jpg,2,2,Neat and clean
225002_CookingArea_7.jpg,0,1,Only hearth
483008_CookingArea_7.jpg,3,1,Neat clean
465007_CookingArea_7.jpg,2,2,Middle size of kitchen
376012_CookingArea_7.jpg,1,1,Only hearth
38006_CookingArea_7.jpg,1,1,In a corner 
130013_CookingArea_7.jpg,3,3,Looking good 
375011_CookingArea_7.jpg,2,2,Modern kitchen
149010_CookingArea_7.jpg,2,2,NA
465006_CookingArea_7.jpg,2,2,Few items
123005_CookingArea_7.jpg,3,1,NA
306006_CookingArea_7.jpg,0,3,Modern
101009_CookingArea_7.jpg,1,1,NA
1042017_CookingArea_7.jpg,4,2,Semi traditional
14002_CookingArea_7.jpg,3,2,Semi modern
16005_CookingArea_7.jpg,4,4,Looks very nice 
396001_CookingArea_7.jpg,2,4,Neat and clean
514013_CookingArea_7.jpg,1,1,Cooking stove 
216002_CookingArea_7.jpg,0,2,Traditional 
271001_CookingArea_7.jpg,3,3,Nice kitchen
328009_CookingArea_7.jpg,1,1,Old  kitchen
32002_CookingArea_7.jpg,2,2,Nice interior design
148001_CookingArea_7.jpg,4,1,NA
279007_CookingArea_7.jpg,1,4,Highly modern 
477010_CookingArea_7.jpg,4,2,Neat and clean
103011_CookingArea_7.jpg,2,2,Traditional
418010_CookingArea_7.jpg,4,4,Highly modern kitchen
403011_CookingArea_7.jpg,2,2,Big kitchen
271001_CookingArea_7.jpg,3,1,Traditional
1009003_CookingArea_7.jpg,0,1,Old kitchen
98009_CookingArea_7.jpg,4,2,Modern 
285002_CookingArea_7.jpg,4,4,Highly modern 
154009_CookingArea_7.jpg,2,2,NA
213008_CookingArea_7.jpg,1,2,Traditional 
413013_CookingArea_7.jpg,2,2,Scattered items
122008_CookingArea_7.jpg,1,1,Neat and clean 
422006_CookingArea_7.jpg,2,1,NA
82014_CookingArea_7.jpg,0,2,Less space
518013_CookingArea_7.jpg,3,2,Cooking stove
249002_CookingArea_7.jpg,1,1,Traditional 
246011_CookingArea_7.jpg,1,1,Less space
243014_CookingArea_7.jpg,4,2,Preety kitchen
280010_CookingArea_7.jpg,3,3,Traditional but nice interior design
470013_CookingArea_7.jpg,1,1,Traditional
186004_CookingArea_7.jpg,2,2,Ample space
281005_CookingArea_7.jpg,0,2,Newly built kitchen
337007_CookingArea_7.jpg,2,1,Traditional
387007_CookingArea_7.jpg,1,3,Big kitchen
404004_CookingArea_7.jpg,3,1,Traditional 
455005_CookingArea_7.jpg,1,1,Less space
57004_CookingArea_7.jpg,1,1,Only cooking stove
43007_CookingArea_7.jpg,1,1,Cooking stove only 
395012_CookingArea_7.jpg,2,2,Nice kitchen
470013_CookingArea_7.jpg,1,1,Traditional hearth
214007_CookingArea_7.jpg,1,4,Combination of modern and traditional
79004_CookingArea_7.jpg,4,1,Nice 
84014_CookingArea_7.jpg,0,4,Highly modern 
56009_CookingArea_7.jpg,2,3,Modern type kitchen
159001_CookingArea_7.jpg,3,2,Congested 
65001_CookingArea_7.jpg,2,3,Messy kitchen
6003_CookingArea_7.jpg,4,3,Neat and clean
273006_CookingArea_7.jpg,1,3,Modern kitchen
433005_CookingArea_7.jpg,3,3,Traditional but spacious as well
87010_CookingArea_7.jpg,4,1,only cooking stove
108013_CookingArea_7.jpg,2,1,Nice interior design
212001_CookingArea_7.jpg,2,2,Highly modern
32011_CookingArea_7.jpg,1,2,Modern and traditional 
2006_CookingArea_7.jpg,2,3,Big kitchen
126013_CookingArea_7.jpg,2,2,Beautiful kitchen
504004_CookingArea_7.jpg,3,1,Only cooking stove
144003_CookingArea_7.jpg,1,2,Modern
364005_CookingArea_7.jpg,0,2,NA
43008_CookingArea_7.jpg,1,2,Traditional
254009_CookingArea_7.jpg,4,1,Traditional
410014_CookingArea_7.jpg,2,2,Traditional hearth
369005_CookingArea_7.jpg,3,1,Less space 
89008_CookingArea_7.jpg,1,2,Only hearth 
381008_CookingArea_7.jpg,2,2,Neat and clean 
224001_CookingArea_7.jpg,1,1,Cooking stove only 
115002_CookingArea_7.jpg,2,2,Traditional 
195005_CookingArea_7.jpg,3,3,Modern 
21007_CookingArea_7.jpg,1,2,NA
63002_CookingArea_7.jpg,2,2,Only cooking stove
200002_CookingArea_7.jpg,4,3,Neat and clean
494004_CookingArea_7.jpg,0,2,Small but nice
1069003_CookingArea_7.jpg,3,0,Only hearth
441011_CookingArea_7.jpg,2,2,Modern 
419008_CookingArea_7.jpg,0,1,traditional 
213001_CookingArea_7.jpg,1,1,Traditional 
25006_CookingArea_7.jpg,1,1,only hearth 
183005_CookingArea_7.jpg,0,1,Only hearth in kitchen 
245009_CookingArea_7.jpg,2,2,Modern 
368008_CookingArea_7.jpg,4,2,Traditional 
375010_CookingArea_7.jpg,2,2,Modern but less space 
476001_CookingArea_7.jpg,1,0,NA
462008_CookingArea_7.jpg,1,4,NA
379008_CookingArea_7.jpg,2,4,Modern setup
213001_CookingArea_7.jpg,1,0,Less items in kitchen 
134004_CookingArea_7.jpg,1,0,only hearth
9001_CookingArea_7.jpg,2,3,New kitchen
385008_CookingArea_7.jpg,1,2,Traditional 
69004_CookingArea_7.jpg,1,2,Traditional 
195009_CookingArea_7.jpg,4,1,only hearth
312006_CookingArea_7.jpg,1,3,Modern 
1009012_CookingArea_7.jpg,0,3,Spacious kitchen
375005_CookingArea_7.jpg,3,4,Highly modern 
210010_CookingArea_7.jpg,4,0,Only hearth 
394005_CookingArea_7.jpg,4,4,Highly modern 
427011_CookingArea_7.jpg,3,2,Traditional 
154010_CookingArea_7.jpg,2,1,Small size of kitchen
383014_CookingArea_7.jpg,1,3,NA
484008_CookingArea_7.jpg,1,0,Only utensils are visible 
267010_CookingArea_7.jpg,0,1,Hearth 
303007_CookingArea_7.jpg,1,0,Traditional 
331009_CookingArea_7.jpg,2,2,Beautifully arranged 
511003_CookingArea_7.jpg,2,2,NA
10003_CookingArea_7.jpg,1,1,Traditional 
233011_CookingArea_7.jpg,0,0,Traditional 
246011_CookingArea_7.jpg,1,2,Basic kitchen
261011_CookingArea_7.jpg,4,2,NA
104004_CookingArea_7.jpg,2,3,Traditional 
114011_CookingArea_7.jpg,3,1,Traditional 
440001_CookingArea_7.jpg,3,2,Semi traditional 
372004_CookingArea_7.jpg,2,3,Neat and clean 
232001_CookingArea_7.jpg,1,1,Traditional setup 
372007_CookingArea_7.jpg,2,2,Traditional 
337002_CookingArea_7.jpg,0,2,Semi modern 
1015004_CookingArea_7.jpg,2,3,Big kitchen
161001_CookingArea_7.jpg,3,1,NA
316004_CookingArea_7.jpg,1,3,Newly built
276008_CookingArea_7.jpg,4,3,Traditional 
413012_CookingArea_7.jpg,2,4,Neat and clean 
89008_CookingArea_7.jpg,1,1,Traditional 
341010_CookingArea_7.jpg,3,1,Neat and clean 
470007_CookingArea_7.jpg,1,1,Traditional 
513010_CookingArea_7.jpg,3,2,Less items 
309006_CookingArea_7.jpg,2,2,Modern appliances 
134009_CookingArea_7.jpg,1,2,Well arranged 
33001_CookingArea_7.jpg,2,1,NA
70008_CookingArea_7.jpg,4,1,Only hearth 
312002_CookingArea_7.jpg,1,2,Semi modern 
14006_CookingArea_7.jpg,2,1,Traditional 
361006_CookingArea_7.jpg,2,3,Semi modern 
464005_CookingArea_7.jpg,2,1,Traditional hearth
413003_CookingArea_7.jpg,2,4,Nicely built 
148001_CookingArea_7.jpg,4,0,Only hearth is visible 
255005_CookingArea_7.jpg,3,3,Modern 
389011_CookingArea_7.jpg,3,1,Less space
236014_CookingArea_7.jpg,1,2,NA
142012_CookingArea_7.jpg,0,0,Only hearth
216010_CookingArea_7.jpg,2,2,Nice kitchen
470013_CookingArea_7.jpg,1,1,Traditional 
21007_CookingArea_7.jpg,1,1,Spacious 
123005_CookingArea_7.jpg,3,2,Big kitchen
1041003_CookingArea_7.jpg,0,2,Semi modern
372005_CookingArea_7.jpg,2,2,Combinatin of modern and traditional 
13007_CookingArea_7.jpg,4,0,Only hearth
318001_CookingArea_7.jpg,2,3,Nice curtains in kitchen 
137003_CookingArea_7.jpg,1,3,NA
1013001_CookingArea_7.jpg,1,0,Traditional 
524012_CookingArea_7.jpg,4,4,Highly modern 
395004_CookingArea_7.jpg,4,4,Highly modern 
86004_CookingArea_7.jpg,3,4,Highly modern
292008_CookingArea_7.jpg,1,1,Cooking stove 
258004_CookingArea_7.jpg,0,1,Traditional 
340009_CookingArea_7.jpg,4,1,Traditional 
515004_CookingArea_7.jpg,2,4,Big kitchen
1042017_CookingArea_7.jpg,4,2,Small kitchen 
479012_CookingArea_7.jpg,2,2,Big kitchen 
328007_CookingArea_7.jpg,1,2,Cooking stove 
49005_CookingArea_7.jpg,2,2,Traditional 
317004_CookingArea_7.jpg,1,4,Highly modern 
270004_CookingArea_7.jpg,4,0,Only traditional hearth
69012_CookingArea_7.jpg,3,3,lots of utensils
514002_CookingArea_7.jpg,3,3,NA
19012_CookingArea_7.jpg,3,3,NA
197012_CookingArea_7.jpg,2,3,Modern
205010_CookingArea_7.jpg,0,1,Traditional 
370003_CookingArea_7.jpg,3,1,Nice kitchen
187012_CookingArea_7.jpg,1,1,Small kitchen
416010_CookingArea_7.jpg,0,2,NA
520012_CookingArea_7.jpg,2,1,Only cooking stove
184007_CookingArea_7.jpg,1,2,Traditional hearth
212005_CookingArea_7.jpg,2,2,NA
520011_CookingArea_7.jpg,3,2,Middle size kitchen
120001_CookingArea_7.jpg,0,0,Only hearth
261011_CookingArea_7.jpg,4,4,Highly modern
1071001_CookingArea_7.jpg,4,4,Big kitchem
128003_CookingArea_7.jpg,2,1,Nicely arranged
57006_CookingArea_7.jpg,1,0,Small kitchen
81004_CookingArea_7.jpg,1,0,Messy kitchen
474003_CookingArea_7.jpg,2,0,Only hearth
320010_CookingArea_7.jpg,0,1,Only hearth
386004_CookingArea_7.jpg,4,3,Spacious 
367004_CookingArea_7.jpg,3,1,NA
449001_CookingArea_7.jpg,0,0,Only hearths
67003_CookingArea_7.jpg,1,1,Cooking stove
184007_CookingArea_7.jpg,1,1,Cooking stove
452002_CookingArea_7.jpg,3,1,Only cooking stove
301010_CookingArea_7.jpg,0,1,NA
410014_CookingArea_7.jpg,2,1,Traditional
292002_CookingArea_7.jpg,1,0,Less space
480008_CookingArea_7.jpg,0,1,Only hearth
104004_CookingArea_7.jpg,2,4,Neat and clean
37011_CookingArea_7.jpg,0,0,Only hearth
1013008_CookingArea_7.jpg,1,1,Nice
153001_CookingArea_7.jpg,4,4,Highly moedern
388007_CookingArea_7.jpg,1,1,Traditional 
234014_CookingArea_7.jpg,2,1,Small kitchen
155003_CookingArea_7.jpg,1,1,Less space
13004_CookingArea_7.jpg,4,2,Nice kitchen
432014_CookingArea_7.jpg,1,1,Cooking stove 
469007_CookingArea_7.jpg,0,1,Traditional setup 
1002012_CookingArea_7.jpg,2,4,Neat and clean 
331008_CookingArea_7.jpg,0,0,Only hearth
49009_CookingArea_7.jpg,2,3,Spacious 
412004_CookingArea_7.jpg,0,2,Modern
292013_CookingArea_7.jpg,1,0,Only hearth
317007_CookingArea_7.jpg,0,1,Only hearth
1031005_CookingArea_7.jpg,2,1,Messy things
46004_CookingArea_7.jpg,3,1,Small kitchen
200007_CookingArea_7.jpg,1,1,Less space 
59012_CookingArea_7.jpg,2,3,Big kitchen
161009_CookingArea_7.jpg,1,1,Messy 
483001_CookingArea_7.jpg,4,4,Highly modern 
245002_CookingArea_7.jpg,1,1,Traditional kitchen
21007_CookingArea_7.jpg,1,2,Spacious traditional kitchen
341011_CookingArea_7.jpg,2,1,Cooking stove
374012_CookingArea_7.jpg,3,1,Traditional setup
300006_CookingArea_7.jpg,0,1,Less space 
291004_CookingArea_7.jpg,1,2,Nice kitchen
474007_CookingArea_7.jpg,2,1,Traditional kitchen
274010_CookingArea_7.jpg,1,0,Messy 
13012_CookingArea_7.jpg,2,3,Spacious 
342013_CookingArea_7.jpg,0,1,Traditional
337007_CookingArea_7.jpg,2,2,Nice kitchen
406011_CookingArea_7.jpg,4,4,combination of modern and traditional kitchen
99005_CookingArea_7.jpg,1,3,Less space 
464011_CookingArea_7.jpg,2,4,NA
381012_CookingArea_7.jpg,3,4,Neat and clean
324010_CookingArea_7.jpg,1,0,Only cooking tsove
490010_CookingArea_7.jpg,1,2,Traditional 
394010_CookingArea_7.jpg,0,0,Only hearth
135007_CookingArea_7.jpg,2,4,Modern 
112010_CookingArea_7.jpg,1,2,Modern 
440006_CookingArea_7.jpg,3,2,traditional 
312007_CookingArea_7.jpg,4,1,Spacious 
402011_CookingArea_7.jpg,2,2,Combination of modern and traditional 
99005_CookingArea_7.jpg,1,1,Less space
67004_CookingArea_7.jpg,1,1,Cooking stove
281004_CookingArea_7.jpg,0,0,Only hearth
316003_CookingArea_7.jpg,1,1,Spacious
280004_CookingArea_7.jpg,4,0,Cooking stove only 
132006_CookingArea_7.jpg,0,4,Neat and clean 
391003_CookingArea_7.jpg,2,3,Modern and traditional 
365014_CookingArea_7.jpg,3,0,Only hearth
79003_CookingArea_7.jpg,4,2,On average 
519007_CookingArea_7.jpg,4,4,Highly modern 
337007_CookingArea_7.jpg,2,1,Cooking stove
13004_CookingArea_7.jpg,4,3,Modern and traditional 
66012_CookingArea_7.jpg,1,1,Cooking stove 
387012_CookingArea_7.jpg,0,0,Only hearths
309007_CookingArea_7.jpg,1,1,Only hearths
2008_CookingArea_7.jpg,2,3,Nice kitchen
461002_CookingArea_7.jpg,4,1,Less space 
235006_CookingArea_7.jpg,1,2,Modern 
405006_CookingArea_7.jpg,2,2,Spacious 
393007_CookingArea_7.jpg,1,1,Cooking stove only 
223003_CookingArea_7.jpg,0,0,Only hearths
211010_CookingArea_7.jpg,1,1,Less space 
116008_CookingArea_7.jpg,1,4,Highly modern 
292007_CookingArea_7.jpg,2,0,Only hearth
148010_CookingArea_7.jpg,4,1,Nice kitchen
232003_CookingArea_7.jpg,1,4,Highly modern
1031003_CookingArea_7.jpg,0,2,Neat and clean 
368011_CookingArea_7.jpg,4,1,NA
378010_CookingArea_7.jpg,2,4,Highly modern 
266007_CookingArea_7.jpg,4,1,Nice kitchen 
11001_CookingArea_7.jpg,1,1,Beautiful kitchen
366001_CookingArea_7.jpg,4,2,On average 
263004_CookingArea_7.jpg,1,3,Modern type 
523003_CookingArea_7.jpg,3,2,Semi modern 
223010_CookingArea_7.jpg,2,1,NA
109010_CookingArea_7.jpg,1,2,Nicely arranged 
456009_CookingArea_7.jpg,2,3,Modern type 
366003_CookingArea_7.jpg,2,1,Small kitchen
182012_CookingArea_7.jpg,2,3,Spacious kitchen
522014_CookingArea_7.jpg,2,2,NA
233014_CookingArea_7.jpg,0,0,NA
232007_CookingArea_7.jpg,4,1,Combination of modern and traditional
341010_CookingArea_7.jpg,3,2,Traditional 
224002_CookingArea_7.jpg,1,2,Traditional kitchen
369014_CookingArea_7.jpg,1,1,Small kitchen
225002_CookingArea_7.jpg,0,2,Traditional hearth
448004_CookingArea_7.jpg,2,0,NA
309012_CookingArea_7.jpg,0,1,Less space 
328009_CookingArea_7.jpg,1,2,Ample space 
224012_CookingArea_7.jpg,1,3,Neat and clean 
224012_CookingArea_7.jpg,1,3,Neat and clean 
362008_CookingArea_7.jpg,2,3,NA
516004_CookingArea_7.jpg,4,1,Traditional hearth
241010_CookingArea_7.jpg,3,1,Cooking stove in kitchen 
216011_CookingArea_7.jpg,1,2,Quite spacious 
249001_CookingArea_7.jpg,0,2,Nice traditional kitchen
7012_CookingArea_7.jpg,2,1,NA
480012_CookingArea_7.jpg,1,3,Lots of utensil
389009_CookingArea_7.jpg,2,2,Neat and clean 
274011_CookingArea_7.jpg,4,1,Traditional kitchen 
11009_CookingArea_7.jpg,3,4,Traditional and spacious as well
476001_CookingArea_7.jpg,1,1,Neat and clean 
206006_CookingArea_7.jpg,0,1,Less items in kitchen 
49009_CookingArea_7.jpg,2,2,Semi modern kitchen 
209012_CookingArea_7.jpg,1,1,Cooking stove 
29005_CookingArea_7.jpg,2,3,Traditional but well arranged
448004_CookingArea_7.jpg,2,4,Modern kitchen
183005_CookingArea_7.jpg,0,1,Only hearth
430009_CookingArea_7.jpg,2,2,Traditional kitchen 
43003_CookingArea_7.jpg,1,1,Cooking stove
440006_CookingArea_7.jpg,3,1,Cooking stove 
100002_CookingArea_7.jpg,4,0,Only hearths
137010_CookingArea_7.jpg,3,3,Modern kitchen
517007_CookingArea_7.jpg,4,4,Highly modern kitchen 
424005_CookingArea_7.jpg,1,3,Modern kitchen
99006_CookingArea_7.jpg,2,0,Messy kitchen
52005_CookingArea_7.jpg,1,1,Traditional kitchen
462007_CookingArea_7.jpg,2,0,Only hearth 
44008_CookingArea_7.jpg,1,1,NA
147010_CookingArea_7.jpg,4,2,Nicely arranged
27001_CookingArea_7.jpg,2,3,Combination of modern and traditional 
158001_CookingArea_7.jpg,1,1,Only cooking stove
261010_CookingArea_7.jpg,1,0,Only hearth 
195013_CookingArea_7.jpg,0,1,Spacious kitchen
79002_CookingArea_7.jpg,3,0,Only hearth 
11001_CookingArea_7.jpg,1,1,Cooking stove
312002_CookingArea_7.jpg,1,4,Neat and clean
379012_CookingArea_7.jpg,2,0,Traditional hearth 
214011_CookingArea_7.jpg,0,1,Only hearth 
111008_CookingArea_7.jpg,4,2,Nicely arranged
52012_CookingArea_7.jpg,3,4,Highly modern 
154002_CookingArea_7.jpg,2,3,Combination of traditional and modern 
340005_CookingArea_7.jpg,4,4,Highly modern kitchen
273010_CookingArea_7.jpg,2,0,Traditional kitchen
154011_CookingArea_7.jpg,2,4,NA
305003_CookingArea_7.jpg,1,4,Highly modern 
482009_CookingArea_7.jpg,0,2,Nicely arranged
383002_CookingArea_7.jpg,2,1,Only hearths
255009_CookingArea_7.jpg,0,1,Only hearths
103011_CookingArea_7.jpg,2,1,Lots of thing are there
295004_CookingArea_7.jpg,4,3,Modern kitchen
504008_CookingArea_7.jpg,3,4,Spacious 
506008_CookingArea_7.jpg,3,4,NA
514013_CookingArea_7.jpg,1,3,Only cooking stove
244010_CookingArea_7.jpg,0,4,Newly built 
470013_CookingArea_7.jpg,1,2,Traditional kitchen
364006_CookingArea_7.jpg,2,0,NA
522014_CookingArea_7.jpg,2,2,Less space 
466002_CookingArea_7.jpg,2,3,Semi modern
379009_CookingArea_7.jpg,2,4,Big kitchen
335010_CookingArea_7.jpg,3,0,Only cooking stove
280004_CookingArea_7.jpg,4,1,Spacious 
1039003_CookingArea_7.jpg,0,4,Highly modern 
19006_CookingArea_7.jpg,2,1,Spacious 
323002_CookingArea_7.jpg,1,1,Less space
28008_CookingArea_7.jpg,3,1,Only Hearth
312006_CookingArea_7.jpg,1,2,Modern kitchen
7012_CookingArea_7.jpg,2,3,Spacious kitchen
455012_CookingArea_7.jpg,1,4,NA
219004_CookingArea_7.jpg,0,0,Only hearth
1003001_CookingArea_7.jpg,0,1,Less item
187012_CookingArea_7.jpg,1,0,Small kitchen
208012_CookingArea_7.jpg,4,2,On average kitchen
318001_CookingArea_7.jpg,2,3,Neat and clean 
473010_CookingArea_7.jpg,1,0,Messy
64007_CookingArea_7.jpg,1,1,Few items
331004_CookingArea_7.jpg,0,0,Only hearth
502012_CookingArea_7.jpg,3,1,Traditional hearth
455003_CookingArea_7.jpg,1,0,Only hearths
240008_CookingArea_7.jpg,0,1,Only cooking stove visible
365004_CookingArea_7.jpg,1,2,Modern kitchen
515007_CookingArea_7.jpg,3,2,Less space
128011_CookingArea_7.jpg,2,1,Less space
1009003_CookingArea_7.jpg,0,1,Only hearth
28007_CookingArea_7.jpg,1,3,NA
506012_CookingArea_7.jpg,3,4,Modern kitchen
116008_CookingArea_7.jpg,1,1,Only hearths
217007_CookingArea_7.jpg,1,2,Less space
249001_CookingArea_7.jpg,0,0,NA
104013_CookingArea_7.jpg,0,0,Traditional kitchen
487005_CookingArea_7.jpg,2,1,Less space
17004_CookingArea_7.jpg,1,0,Only hearth
274011_CookingArea_7.jpg,4,1,Less space
145011_CookingArea_7.jpg,1,2,Spacious kitchen
187001_CookingArea_7.jpg,3,1,Only cooking stove
321006_CookingArea_7.jpg,0,2,NA
407002_CookingArea_7.jpg,2,1,Lots of things are there
249002_CookingArea_7.jpg,1,1,Less space
317004_CookingArea_7.jpg,1,1,Cooking stove
208003_CookingArea_7.jpg,4,0,Only hearth is visible 
289005_CookingArea_7.jpg,1,1,Traditional kitchen
123001_CookingArea_7.jpg,3,2,Nice traditional kitchen
216010_CookingArea_7.jpg,2,2,Cooking stove in kitchen
106009_CookingArea_7.jpg,4,1,Only hearths
470006_CookingArea_7.jpg,0,2,Modern kitchen 
297014_CookingArea_7.jpg,0,0,Only hearths are there
333010_CookingArea_7.jpg,1,0,NA
73010_CookingArea_7.jpg,0,4,Neat and clean traditional kitchen
415007_CookingArea_7.jpg,0,2,On average kitchen 
281005_CookingArea_7.jpg,0,1,Only hearth
191007_CookingArea_7.jpg,1,2,Gas Cooking stove 
491008_CookingArea_7.jpg,1,1,Traditional kitchen with less space
329014_CookingArea_7.jpg,0,1,Only hearths are there
490005_CookingArea_7.jpg,3,1,kitchen are is spacious but only hearth
189013_CookingArea_7.jpg,0,0,Only hearths are there in photo
154009_CookingArea_7.jpg,2,2,Big kitchen
185007_CookingArea_7.jpg,1,1,Traditional kitchen
369014_CookingArea_7.jpg,1,4,Nicely arranged 
106010_CookingArea_7.jpg,1,3,NA
393006_CookingArea_7.jpg,4,1,Only hearths are there
14010_CookingArea_7.jpg,3,1,Gas cooking stove
245005_CookingArea_7.jpg,1,3,Slightly modern kitchen
361006_CookingArea_7.jpg,2,3,Nicely built 
456010_CookingArea_7.jpg,1,1,Small kitchen
235008_CookingArea_7.jpg,1,1,Only Gas cooking stove
129010_CookingArea_7.jpg,0,2,Traditional kitchen
500011_CookingArea_7.jpg,2,3,Curtains are good looking
341009_CookingArea_7.jpg,0,0,Only hearth
31002_CookingArea_7.jpg,2,1,Ample space 
181011_CookingArea_7.jpg,0,2,Traditional kitchen setup
268002_CookingArea_7.jpg,1,2,NA
367003_CookingArea_7.jpg,3,2,Only hearth
57011_CookingArea_7.jpg,2,2,Gas cking stove
502008_CookingArea_7.jpg,2,2,Small kitchen
379012_CookingArea_7.jpg,2,3,NA
1050011_CookingArea_7.jpg,0,0,Only traditional hearth
70009_CookingArea_7.jpg,1,1,Gas cooking stove is there only
2002_CookingArea_7.jpg,2,2,Modern kitchen
91005_CookingArea_7.jpg,1,0,Only hearth
452007_CookingArea_7.jpg,1,1,Small kitchen
127001_CookingArea_7.jpg,3,1,Neat and clean
153002_CookingArea_7.jpg,4,1,Small kitchen
1006002_CookingArea_7.jpg,0,2,Modern kitchen
473009_CookingArea_7.jpg,1,2,Less space 
1042008_CookingArea_7.jpg,2,0,Only hearth
494012_CookingArea_7.jpg,0,2,Modern kitchen
43002_CookingArea_7.jpg,1,3,Highly modern
509010_CookingArea_7.jpg,4,1,Only Hearth
325007_CookingArea_7.jpg,0,1,Cooking stove
419005_CookingArea_7.jpg,3,2,Neat and clean 
292002_CookingArea_7.jpg,1,0,Only hearth
207008_CookingArea_7.jpg,0,1,Only hearth
435008_CookingArea_7.jpg,2,0,Small kitchen
260003_CookingArea_7.jpg,1,1,Cooking stove
274011_CookingArea_7.jpg,4,4,Highly modern 
75011_CookingArea_7.jpg,0,1,Cooking stove only 
6009_CookingArea_7.jpg,4,1,Lots of item
12008_CookingArea_7.jpg,1,4,Highly modern 
197009_CookingArea_7.jpg,4,2,Spacious 
206004_CookingArea_7.jpg,2,1,Hearth fire 
217013_CookingArea_7.jpg,1,0,Only Gas cooking stove
447010_CookingArea_7.jpg,3,0,NA
239009_CookingArea_7.jpg,0,1,Only cooking stove
85009_CookingArea_7.jpg,1,1,Lots of item in kitchen
69011_CookingArea_7.jpg,3,0,Only hearth
26008_CookingArea_7.jpg,1,0,Traditional hearth
409002_CookingArea_7.jpg,0,1,Only hearth
153002_CookingArea_7.jpg,4,0,Only hearth is visible 
297011_CookingArea_7.jpg,0,2,Modern kitchen
363008_CookingArea_7.jpg,2,2,Traditional hearth
234014_CookingArea_7.jpg,2,0,Only cooking stove
63001_CookingArea_7.jpg,2,1,Hearth fire 
500011_CookingArea_7.jpg,2,1,Cooking gas stove
237002_CookingArea_7.jpg,0,1,Only hearth
452007_CookingArea_7.jpg,1,0,Neat and clean kitchen
276001_CookingArea_7.jpg,4,0,Only hearth
437003_CookingArea_7.jpg,3,2,Traditional kitchen
382003_CookingArea_7.jpg,2,0,Only hearth
84014_CookingArea_7.jpg,0,1,NA
205002_CookingArea_7.jpg,2,3,Combination of traditional and modern kitchen
154003_CookingArea_7.jpg,2,3,Nice  kitchen
227007_CookingArea_7.jpg,4,4,Highly modern 
