110007_HouseFront_2.jpg,4,0
445006_HouseFront_2.jpg,1,0
126006_HouseFront_2.jpg,0,2
234008_HouseFront_2.jpg,1,1
274011_HouseFront_2.jpg,4,3
367014_HouseFront_2.jpg,3,2
223010_HouseFront_2.jpg,2,2
466002_HouseFront_2.jpg,2,2
372012_HouseFront_2.jpg,1,1
285012_HouseFront_2.jpg,1,1
462013_HouseFront_2.jpg,1,1
198006_HouseFront_2.jpg,2,0
305014_HouseFront_2.jpg,4,2
440006_HouseFront_2.jpg,3,2
510006_HouseFront_2.jpg,2,1
235005_HouseFront_2.jpg,1,1
224008_HouseFront_2.jpg,0,1
400001_HouseFront_2.jpg,1,1
472003_HouseFront_2.jpg,3,3
44001_HouseFront_2.jpg,3,3
511003_HouseFront_2.jpg,2,2
431003_HouseFront_2.jpg,3,0
365008_HouseFront_2.jpg,4,2
401013_HouseFront_2.jpg,1,1
309012_HouseFront_2.jpg,0,0
148011_HouseFront_2.jpg,1,1
88012_HouseFront_2.jpg,1,1
316003_HouseFront_2.jpg,1,1
465008_HouseFront_2.jpg,2,1
232001_HouseFront_2.jpg,1,1
221013_HouseFront_2.jpg,2,2
518008_HouseFront_2.jpg,3,0
300002_HouseFront_2.jpg,2,0
80007_HouseFront_2.jpg,0,1
484008_HouseFront_2.jpg,1,1
184011_HouseFront_2.jpg,4,1
145004_HouseFront_2.jpg,1,2
6013_HouseFront_2.jpg,2,1
164005_HouseFront_2.jpg,2,2
303006_HouseFront_2.jpg,1,3
478002_HouseFront_2.jpg,3,2
446001_HouseFront_2.jpg,4,0
444009_HouseFront_2.jpg,1,1
117007_HouseFront_2.jpg,1,1
280010_HouseFront_2.jpg,3,2
73008_HouseFront_2.jpg,0,1
108005_HouseFront_2.jpg,2,1
111012_HouseFront_2.jpg,2,2
132005_HouseFront_2.jpg,1,1
275002_HouseFront_2.jpg,3,3
437003_HouseFront_2.jpg,3,3
283013_HouseFront_2.jpg,4,0
289005_HouseFront_2.jpg,1,2
375011_HouseFront_2.jpg,2,2
440006_HouseFront_2.jpg,3,1
1036005_HouseFront_2.jpg,1,0
268011_HouseFront_2.jpg,0,1
234014_HouseFront_2.jpg,2,2
341007_HouseFront_2.jpg,1,0
301006_HouseFront_2.jpg,0,0
271005_HouseFront_2.jpg,0,0
121004_HouseFront_2.jpg,2,0
59009_HouseFront_2.jpg,3,3
511014_HouseFront_2.jpg,0,2
282010_HouseFront_2.jpg,1,1
473009_HouseFront_2.jpg,1,1
148001_HouseFront_2.jpg,4,2
86010_HouseFront_2.jpg,2,1
224002_HouseFront_2.jpg,1,3
195005_HouseFront_2.jpg,3,2
191007_HouseFront_2.jpg,1,1
447007_HouseFront_2.jpg,3,0
480002_HouseFront_2.jpg,2,2
44010_HouseFront_2.jpg,1,1
37009_HouseFront_2.jpg,0,1
117007_HouseFront_2.jpg,1,0
194001_HouseFront_2.jpg,4,0
291004_HouseFront_2.jpg,1,1
216011_HouseFront_2.jpg,1,1
233011_HouseFront_2.jpg,0,0
265007_HouseFront_2.jpg,0,0
503014_HouseFront_2.jpg,4,0
268002_HouseFront_2.jpg,1,2
109006_HouseFront_2.jpg,0,2
518001_HouseFront_2.jpg,2,1
266005_HouseFront_2.jpg,0,0
206006_HouseFront_2.jpg,0,0
385008_HouseFront_2.jpg,1,3
88002_HouseFront_2.jpg,3,3
496010_HouseFront_2.jpg,2,2
315007_HouseFront_2.jpg,0,0
368002_HouseFront_2.jpg,4,0
461001_HouseFront_2.jpg,3,4
1009012_HouseFront_2.jpg,0,2
400001_HouseFront_2.jpg,1,1
403011_HouseFront_2.jpg,2,1
448008_HouseFront_2.jpg,1,0
337008_HouseFront_2.jpg,0,0
157012_HouseFront_2.jpg,4,1
242012_HouseFront_2.jpg,0,0
257003_HouseFront_2.jpg,0,0
141001_HouseFront_2.jpg,3,0
131006_HouseFront_2.jpg,4,4
145001_HouseFront_2.jpg,1,4
105009_HouseFront_2.jpg,0,2
282007_HouseFront_2.jpg,4,3
450010_HouseFront_2.jpg,3,1
317007_HouseFront_2.jpg,0,0
108005_HouseFront_2.jpg,2,0
442013_HouseFront_2.jpg,0,1
408003_HouseFront_2.jpg,0,0
95004_HouseFront_2.jpg,1,0
159001_HouseFront_2.jpg,3,1
68001_HouseFront_2.jpg,0,0
467002_HouseFront_2.jpg,1,3
191010_HouseFront_2.jpg,2,1
109014_HouseFront_2.jpg,1,1
220005_HouseFront_2.jpg,1,1
411014_HouseFront_2.jpg,3,1
131006_HouseFront_2.jpg,4,1
317004_HouseFront_2.jpg,1,1
220002_HouseFront_2.jpg,1,0
365008_HouseFront_2.jpg,4,2
524005_HouseFront_2.jpg,3,1
154009_HouseFront_2.jpg,2,2
186010_HouseFront_2.jpg,2,2
371004_HouseFront_2.jpg,1,1
1050011_HouseFront_2.jpg,0,1
210006_HouseFront_2.jpg,2,2
154013_HouseFront_2.jpg,2,2
99005_HouseFront_2.jpg,1,2
410001_HouseFront_2.jpg,2,0
411011_HouseFront_2.jpg,3,2
480011_HouseFront_2.jpg,1,1
232001_HouseFront_2.jpg,1,1
62011_HouseFront_2.jpg,0,1
159004_HouseFront_2.jpg,4,1
369005_HouseFront_2.jpg,3,3
40008_HouseFront_2.jpg,1,2
186010_HouseFront_2.jpg,2,2
40004_HouseFront_2.jpg,1,1
130006_HouseFront_2.jpg,3,0
213003_HouseFront_2.jpg,4,2
140004_HouseFront_2.jpg,2,1
120001_HouseFront_2.jpg,0,2
491001_HouseFront_2.jpg,1,1
265010_HouseFront_2.jpg,1,1
77004_HouseFront_2.jpg,2,1
290011_HouseFront_2.jpg,1,1
1055004_HouseFront_2.jpg,1,1
43003_HouseFront_2.jpg,1,1
311004_HouseFront_2.jpg,2,0
382005_HouseFront_2.jpg,3,2
249002_HouseFront_2.jpg,1,3
420006_HouseFront_2.jpg,3,0
50009_HouseFront_2.jpg,2,2
245005_HouseFront_2.jpg,1,1
207002_HouseFront_2.jpg,0,0
44006_HouseFront_2.jpg,1,1
340007_HouseFront_2.jpg,4,0
95004_HouseFront_2.jpg,1,1
469011_HouseFront_2.jpg,3,0
183012_HouseFront_2.jpg,4,1
471007_HouseFront_2.jpg,2,0
71010_HouseFront_2.jpg,2,2
286002_HouseFront_2.jpg,0,1
392001_HouseFront_2.jpg,0,0
363005_HouseFront_2.jpg,1,1
116008_HouseFront_2.jpg,1,1
43005_HouseFront_2.jpg,1,1
291004_HouseFront_2.jpg,1,1
471007_HouseFront_2.jpg,2,0
461002_HouseFront_2.jpg,4,1
451012_HouseFront_2.jpg,3,0
476014_HouseFront_2.jpg,1,1
132014_HouseFront_2.jpg,0,0
214007_HouseFront_2.jpg,1,1
145011_HouseFront_2.jpg,1,1
187004_HouseFront_2.jpg,0,0
287002_HouseFront_2.jpg,0,0
310011_HouseFront_2.jpg,0,0
411007_HouseFront_2.jpg,3,0
485004_HouseFront_2.jpg,2,1
298005_HouseFront_2.jpg,0,1
491006_HouseFront_2.jpg,4,1
88012_HouseFront_2.jpg,1,1
362004_HouseFront_2.jpg,2,2
520013_HouseFront_2.jpg,1,1
279012_HouseFront_2.jpg,0,0
426010_HouseFront_2.jpg,0,0
253004_HouseFront_2.jpg,1,1
405007_HouseFront_2.jpg,2,0
312004_HouseFront_2.jpg,1,2
435011_HouseFront_2.jpg,2,1
87005_HouseFront_2.jpg,4,1
441011_HouseFront_2.jpg,2,2
1017016_HouseFront_2.jpg,3,1
489008_HouseFront_2.jpg,1,0
109014_HouseFront_2.jpg,1,1
365004_HouseFront_2.jpg,1,1
267006_HouseFront_2.jpg,0,0
331004_HouseFront_2.jpg,0,0
391007_HouseFront_2.jpg,2,1
188010_HouseFront_2.jpg,1,0
238009_HouseFront_2.jpg,0,1
237002_HouseFront_2.jpg,0,0
277002_HouseFront_2.jpg,0,0
432008_HouseFront_2.jpg,1,0
442013_HouseFront_2.jpg,0,0
89003_HouseFront_2.jpg,3,1
296010_HouseFront_2.jpg,4,1
211010_HouseFront_2.jpg,1,0
21006_HouseFront_2.jpg,1,1
149007_HouseFront_2.jpg,2,2
331007_HouseFront_2.jpg,0,1
145009_HouseFront_2.jpg,1,1
372008_HouseFront_2.jpg,4,0
496002_HouseFront_2.jpg,3,0
58014_HouseFront_2.jpg,2,2
458007_HouseFront_2.jpg,0,1
473009_HouseFront_2.jpg,1,1
149008_HouseFront_2.jpg,0,0
195006_HouseFront_2.jpg,3,2
336012_HouseFront_2.jpg,1,1
51005_HouseFront_2.jpg,1,1
470014_HouseFront_2.jpg,1,1
106001_HouseFront_2.jpg,4,0
476014_HouseFront_2.jpg,1,1
207008_HouseFront_2.jpg,0,1
217001_HouseFront_2.jpg,1,1
12008_HouseFront_2.jpg,1,1
212003_HouseFront_2.jpg,0,0
125003_HouseFront_2.jpg,4,2
470013_HouseFront_2.jpg,1,2
309005_HouseFront_2.jpg,0,0
344011_HouseFront_2.jpg,3,0
480002_HouseFront_2.jpg,2,0
1063017_HouseFront_2.jpg,0,0
1036005_HouseFront_2.jpg,1,1
26008_HouseFront_2.jpg,1,1
32013_HouseFront_2.jpg,1,1
30007_HouseFront_2.jpg,0,0
344006_HouseFront_2.jpg,2,0
411008_HouseFront_2.jpg,3,2
402010_HouseFront_2.jpg,2,0
392012_HouseFront_2.jpg,2,2
448010_HouseFront_2.jpg,1,2
183013_HouseFront_2.jpg,0,1
183001_HouseFront_2.jpg,1,1
133001_HouseFront_2.jpg,2,2
432004_HouseFront_2.jpg,1,1
469004_HouseFront_2.jpg,3,0
501011_HouseFront_2.jpg,4,1
31002_HouseFront_2.jpg,2,4
274011_HouseFront_2.jpg,4,1
43005_HouseFront_2.jpg,1,1
248010_HouseFront_2.jpg,2,2
1003002_HouseFront_2.jpg,0,1
148011_HouseFront_2.jpg,1,0
105009_HouseFront_2.jpg,0,0
287001_HouseFront_2.jpg,0,0
301006_HouseFront_2.jpg,0,0
191005_HouseFront_2.jpg,1,2
255011_HouseFront_2.jpg,4,2
133009_HouseFront_2.jpg,3,3
13012_HouseFront_2.jpg,2,2
404011_HouseFront_2.jpg,0,0
328009_HouseFront_2.jpg,1,1
83007_HouseFront_2.jpg,1,1
445006_HouseFront_2.jpg,1,1
1013008_HouseFront_2.jpg,1,1
292007_HouseFront_2.jpg,2,0
208003_HouseFront_2.jpg,4,1
72008_HouseFront_2.jpg,2,2
480012_HouseFront_2.jpg,1,1
40003_HouseFront_2.jpg,1,1
275008_HouseFront_2.jpg,0,1
245002_HouseFront_2.jpg,1,1
385008_HouseFront_2.jpg,1,1
440010_HouseFront_2.jpg,3,0
387012_HouseFront_2.jpg,0,1
369008_HouseFront_2.jpg,1,0
506013_HouseFront_2.jpg,2,1
316012_HouseFront_2.jpg,3,0
314003_HouseFront_2.jpg,1,1
414003_HouseFront_2.jpg,2,2
503014_HouseFront_2.jpg,4,1
71005_HouseFront_2.jpg,1,0
1064011_HouseFront_2.jpg,0,0
522014_HouseFront_2.jpg,2,2
130010_HouseFront_2.jpg,1,1
447010_HouseFront_2.jpg,3,0
153001_HouseFront_2.jpg,4,4
198006_HouseFront_2.jpg,2,1
372007_HouseFront_2.jpg,2,2
194003_HouseFront_2.jpg,1,1
219004_HouseFront_2.jpg,0,1
112001_HouseFront_2.jpg,1,0
309010_HouseFront_2.jpg,0,1
334010_HouseFront_2.jpg,1,1
437010_HouseFront_2.jpg,0,0
524009_HouseFront_2.jpg,2,0
213001_HouseFront_2.jpg,1,1
290011_HouseFront_2.jpg,1,1
117011_HouseFront_2.jpg,2,2
417013_HouseFront_2.jpg,4,2
120002_HouseFront_2.jpg,2,0
449005_HouseFront_2.jpg,3,0
343002_HouseFront_2.jpg,0,0
300007_HouseFront_2.jpg,0,0
404011_HouseFront_2.jpg,0,0
1012005_HouseFront_2.jpg,3,0
513006_HouseFront_2.jpg,2,1
364005_HouseFront_2.jpg,0,1
155003_HouseFront_2.jpg,1,1
474007_HouseFront_2.jpg,2,2
60012_HouseFront_2.jpg,4,1
447003_HouseFront_2.jpg,1,2
458007_HouseFront_2.jpg,0,0
106010_HouseFront_2.jpg,1,1
363003_HouseFront_2.jpg,2,1
84006_HouseFront_2.jpg,0,0
446004_HouseFront_2.jpg,4,3
372007_HouseFront_2.jpg,2,1
312006_HouseFront_2.jpg,1,0
1028006_HouseFront_2.jpg,0,1
109014_HouseFront_2.jpg,1,1
155002_HouseFront_2.jpg,1,1
44007_HouseFront_2.jpg,1,1
385008_HouseFront_2.jpg,1,1
476008_HouseFront_2.jpg,1,1
411008_HouseFront_2.jpg,3,0
371012_HouseFront_2.jpg,1,0
334005_HouseFront_2.jpg,0,1
325002_HouseFront_2.jpg,1,0
114002_HouseFront_2.jpg,2,0
486002_HouseFront_2.jpg,2,2
425005_HouseFront_2.jpg,4,1
162003_HouseFront_2.jpg,1,2
256001_HouseFront_2.jpg,2,2
43011_HouseFront_2.jpg,1,1
330004_HouseFront_2.jpg,1,0
473001_HouseFront_2.jpg,3,2
8007_HouseFront_2.jpg,0,2
266007_HouseFront_2.jpg,4,1
470003_HouseFront_2.jpg,2,1
286010_HouseFront_2.jpg,1,1
388003_HouseFront_2.jpg,1,1
485004_HouseFront_2.jpg,2,2
508004_HouseFront_2.jpg,2,2
193003_HouseFront_2.jpg,0,0
49005_HouseFront_2.jpg,2,0
483001_HouseFront_2.jpg,4,0
313003_HouseFront_2.jpg,1,0
26005_HouseFront_2.jpg,1,1
44001_HouseFront_2.jpg,3,0
213004_HouseFront_2.jpg,0,0
203008_HouseFront_2.jpg,0,0
102011_HouseFront_2.jpg,0,0
287011_HouseFront_2.jpg,0,0
112001_HouseFront_2.jpg,1,1
237005_HouseFront_2.jpg,0,0
435011_HouseFront_2.jpg,2,1
160002_HouseFront_2.jpg,3,2
473009_HouseFront_2.jpg,1,2
472001_HouseFront_2.jpg,2,0
124012_HouseFront_2.jpg,4,0
33007_HouseFront_2.jpg,1,1
506011_HouseFront_2.jpg,1,1
458001_HouseFront_2.jpg,0,0
371008_HouseFront_2.jpg,0,0
448009_HouseFront_2.jpg,1,0
1031003_HouseFront_2.jpg,0,1
455013_HouseFront_2.jpg,2,1
406011_HouseFront_2.jpg,4,4
314003_HouseFront_2.jpg,1,2
43008_HouseFront_2.jpg,1,1
480011_HouseFront_2.jpg,1,1
304011_HouseFront_2.jpg,1,1
238009_HouseFront_2.jpg,0,0
115010_HouseFront_2.jpg,0,0
37011_HouseFront_2.jpg,0,0
73007_HouseFront_2.jpg,3,1
110012_HouseFront_2.jpg,0,0
12012_HouseFront_2.jpg,4,2
44005_HouseFront_2.jpg,1,1
22002_HouseFront_2.jpg,2,1
455003_HouseFront_2.jpg,1,2
473008_HouseFront_2.jpg,1,1
471007_HouseFront_2.jpg,2,1
254012_HouseFront_2.jpg,0,0
250006_HouseFront_2.jpg,0,0
504008_HouseFront_2.jpg,3,2
298008_HouseFront_2.jpg,4,2
49009_HouseFront_2.jpg,2,1
489008_HouseFront_2.jpg,1,0
413012_HouseFront_2.jpg,2,2
392001_HouseFront_2.jpg,0,2
333010_HouseFront_2.jpg,1,1
54007_HouseFront_2.jpg,2,1
319011_HouseFront_2.jpg,0,0
184012_HouseFront_2.jpg,4,0
58014_HouseFront_2.jpg,2,1
67001_HouseFront_2.jpg,2,2
203002_HouseFront_2.jpg,0,1
504008_HouseFront_2.jpg,3,1
460012_HouseFront_2.jpg,1,1
376006_HouseFront_2.jpg,2,2
462013_HouseFront_2.jpg,1,1
458007_HouseFront_2.jpg,0,0
287012_HouseFront_2.jpg,0,0
187006_HouseFront_2.jpg,0,0
219011_HouseFront_2.jpg,2,0
1050008_HouseFront_2.jpg,0,0
22005_HouseFront_2.jpg,2,2
404012_HouseFront_2.jpg,4,2
317004_HouseFront_2.jpg,1,1
183007_HouseFront_2.jpg,0,0
476011_HouseFront_2.jpg,2,2
370003_HouseFront_2.jpg,3,1
32013_HouseFront_2.jpg,1,1
16005_HouseFront_2.jpg,4,0
462002_HouseFront_2.jpg,2,0
83004_HouseFront_2.jpg,2,2
367004_HouseFront_2.jpg,3,1
299010_HouseFront_2.jpg,0,0
386003_HouseFront_2.jpg,0,0
233001_HouseFront_2.jpg,0,0
315007_HouseFront_2.jpg,0,0
376005_HouseFront_2.jpg,0,0
362008_HouseFront_2.jpg,2,2
319011_HouseFront_2.jpg,0,0
444007_HouseFront_2.jpg,3,1
424006_HouseFront_2.jpg,2,1
154009_HouseFront_2.jpg,2,2
108006_HouseFront_2.jpg,4,1
442013_HouseFront_2.jpg,0,0
201013_HouseFront_2.jpg,1,1
426004_HouseFront_2.jpg,2,2
300007_HouseFront_2.jpg,0,0
281001_HouseFront_2.jpg,0,0
184011_HouseFront_2.jpg,4,0
219007_HouseFront_2.jpg,0,2
502006_HouseFront_2.jpg,3,0
381008_HouseFront_2.jpg,2,0
57006_HouseFront_2.jpg,1,0
408003_HouseFront_2.jpg,0,0
317005_HouseFront_2.jpg,0,0
289005_HouseFront_2.jpg,1,1
309012_HouseFront_2.jpg,0,0
332011_HouseFront_2.jpg,0,0
111004_HouseFront_2.jpg,2,0
72010_HouseFront_2.jpg,3,0
467009_HouseFront_2.jpg,0,0
43005_HouseFront_2.jpg,1,0
1055013_HouseFront_2.jpg,4,1
470013_HouseFront_2.jpg,1,1
1003018_HouseFront_2.jpg,0,1
38006_HouseFront_2.jpg,1,1
253004_HouseFront_2.jpg,1,1
514003_HouseFront_2.jpg,1,1
32011_HouseFront_2.jpg,1,0
44008_HouseFront_2.jpg,1,1
185010_HouseFront_2.jpg,3,1
288007_HouseFront_2.jpg,0,2
463006_HouseFront_2.jpg,4,3
224002_HouseFront_2.jpg,1,1
420008_HouseFront_2.jpg,3,2
405007_HouseFront_2.jpg,2,0
273006_HouseFront_2.jpg,1,1
207001_HouseFront_2.jpg,0,2
316012_HouseFront_2.jpg,3,0
471004_HouseFront_2.jpg,2,1
430010_HouseFront_2.jpg,1,1
430012_HouseFront_2.jpg,1,1
331008_HouseFront_2.jpg,0,1
120008_HouseFront_2.jpg,4,0
273006_HouseFront_2.jpg,1,0
210009_HouseFront_2.jpg,0,1
250007_HouseFront_2.jpg,1,0
494004_HouseFront_2.jpg,0,1
121012_HouseFront_2.jpg,4,0
79012_HouseFront_2.jpg,1,0
398008_HouseFront_2.jpg,2,0
123010_HouseFront_2.jpg,3,0
310008_HouseFront_2.jpg,0,2
1015011_HouseFront_2.jpg,2,1
215010_HouseFront_2.jpg,1,1
2011_HouseFront_2.jpg,1,1
25002_HouseFront_2.jpg,2,2
38011_HouseFront_2.jpg,1,1
148005_HouseFront_2.jpg,4,0
483011_HouseFront_2.jpg,0,1
502008_HouseFront_2.jpg,2,1
133001_HouseFront_2.jpg,2,2
339001_HouseFront_2.jpg,3,2
229010_HouseFront_2.jpg,1,1
455004_HouseFront_2.jpg,2,2
465002_HouseFront_2.jpg,2,2
273006_HouseFront_2.jpg,1,1
287013_HouseFront_2.jpg,1,1
182007_HouseFront_2.jpg,2,0
469011_HouseFront_2.jpg,3,1
44014_HouseFront_2.jpg,2,2
227003_HouseFront_2.jpg,0,1
32011_HouseFront_2.jpg,1,2
432004_HouseFront_2.jpg,1,1
269001_HouseFront_2.jpg,4,1
428012_HouseFront_2.jpg,2,1
87004_HouseFront_2.jpg,2,2
467002_HouseFront_2.jpg,1,1
130005_HouseFront_2.jpg,1,0
486002_HouseFront_2.jpg,2,2
341009_HouseFront_2.jpg,0,1
69008_HouseFront_2.jpg,3,1
320011_HouseFront_2.jpg,4,0
116013_HouseFront_2.jpg,1,0
329014_HouseFront_2.jpg,0,1
194003_HouseFront_2.jpg,1,1
456009_HouseFront_2.jpg,2,2
270009_HouseFront_2.jpg,1,1
130006_HouseFront_2.jpg,3,0
25002_HouseFront_2.jpg,2,2
413002_HouseFront_2.jpg,0,2
430009_HouseFront_2.jpg,2,1
505011_HouseFront_2.jpg,2,2
200005_HouseFront_2.jpg,4,1
32013_HouseFront_2.jpg,1,2
149011_HouseFront_2.jpg,1,1
376006_HouseFront_2.jpg,2,2
112010_HouseFront_2.jpg,1,1
279007_HouseFront_2.jpg,1,0
504005_HouseFront_2.jpg,2,2
466012_HouseFront_2.jpg,2,2
121009_HouseFront_2.jpg,4,1
253002_HouseFront_2.jpg,1,3
67003_HouseFront_2.jpg,1,1
321006_HouseFront_2.jpg,0,0
69008_HouseFront_2.jpg,3,1
187003_HouseFront_2.jpg,1,0
207009_HouseFront_2.jpg,0,0
400011_HouseFront_2.jpg,3,0
184010_HouseFront_2.jpg,4,1
331009_HouseFront_2.jpg,2,2
340010_HouseFront_2.jpg,3,3
422004_HouseFront_2.jpg,0,1
84014_HouseFront_2.jpg,0,0
253004_HouseFront_2.jpg,1,1
128003_HouseFront_2.jpg,2,2
491008_HouseFront_2.jpg,1,1
160006_HouseFront_2.jpg,1,1
70009_HouseFront_2.jpg,1,0
182001_HouseFront_2.jpg,3,0
15004_HouseFront_2.jpg,2,3
509009_HouseFront_2.jpg,4,1
130013_HouseFront_2.jpg,3,0
341001_HouseFront_2.jpg,2,2
258004_HouseFront_2.jpg,0,2
362004_HouseFront_2.jpg,2,1
49008_HouseFront_2.jpg,1,1
33007_HouseFront_2.jpg,1,1
22010_HouseFront_2.jpg,0,0
480011_HouseFront_2.jpg,1,1
386003_HouseFront_2.jpg,0,0
337005_HouseFront_2.jpg,0,0
160002_HouseFront_2.jpg,3,2
472006_HouseFront_2.jpg,4,0
244010_HouseFront_2.jpg,0,0
458001_HouseFront_2.jpg,0,0
464005_HouseFront_2.jpg,2,2
344004_HouseFront_2.jpg,1,1
294003_HouseFront_2.jpg,0,0
409012_HouseFront_2.jpg,3,1
386011_HouseFront_2.jpg,4,1
182007_HouseFront_2.jpg,2,1
373009_HouseFront_2.jpg,1,0
154006_HouseFront_2.jpg,0,0
37011_HouseFront_2.jpg,0,0
207001_HouseFront_2.jpg,0,0
63005_HouseFront_2.jpg,1,1
155006_HouseFront_2.jpg,2,2
5011_HouseFront_2.jpg,1,0
426007_HouseFront_2.jpg,2,0
481001_HouseFront_2.jpg,4,3
69012_HouseFront_2.jpg,3,1
217001_HouseFront_2.jpg,1,1
450007_HouseFront_2.jpg,0,1
476014_HouseFront_2.jpg,1,1
278009_HouseFront_2.jpg,1,1
462009_HouseFront_2.jpg,0,0
138002_HouseFront_2.jpg,0,0
209012_HouseFront_2.jpg,1,0
469006_HouseFront_2.jpg,2,2
420004_HouseFront_2.jpg,3,1
61003_HouseFront_2.jpg,1,0
60012_HouseFront_2.jpg,4,0
250009_HouseFront_2.jpg,0,0
342013_HouseFront_2.jpg,0,0
325007_HouseFront_2.jpg,0,0
371012_HouseFront_2.jpg,1,1
457013_HouseFront_2.jpg,1,1
473009_HouseFront_2.jpg,1,0
63002_HouseFront_2.jpg,2,0
337002_HouseFront_2.jpg,0,0
450007_HouseFront_2.jpg,0,0
444005_HouseFront_2.jpg,3,0
299014_HouseFront_2.jpg,4,0
223003_HouseFront_2.jpg,0,0
241009_HouseFront_2.jpg,3,3
473001_HouseFront_2.jpg,3,3
286009_HouseFront_2.jpg,0,0
312005_HouseFront_2.jpg,0,0
432010_HouseFront_2.jpg,3,1
379007_HouseFront_2.jpg,2,0
192002_HouseFront_2.jpg,0,0
407010_HouseFront_2.jpg,4,1
1055004_HouseFront_2.jpg,1,1
149010_HouseFront_2.jpg,2,2
98004_HouseFront_2.jpg,1,1
109006_HouseFront_2.jpg,0,0
392001_HouseFront_2.jpg,0,0
265004_HouseFront_2.jpg,0,0
438009_HouseFront_2.jpg,4,0
151005_HouseFront_2.jpg,3,1
217013_HouseFront_2.jpg,1,1
407011_HouseFront_2.jpg,0,0
207002_HouseFront_2.jpg,0,0
363004_HouseFront_2.jpg,2,0
68009_HouseFront_2.jpg,0,0
120001_HouseFront_2.jpg,0,0
84009_HouseFront_2.jpg,4,0
316005_HouseFront_2.jpg,1,1
9001_HouseFront_2.jpg,2,2
413008_HouseFront_2.jpg,3,1
203014_HouseFront_2.jpg,0,2
428012_HouseFront_2.jpg,2,1
217001_HouseFront_2.jpg,1,1
403009_HouseFront_2.jpg,2,2
86007_HouseFront_2.jpg,1,1
425005_HouseFront_2.jpg,4,0
406009_HouseFront_2.jpg,0,0
487001_HouseFront_2.jpg,1,1
457006_HouseFront_2.jpg,2,2
121012_HouseFront_2.jpg,4,1
50002_HouseFront_2.jpg,1,1
109003_HouseFront_2.jpg,3,1
339008_HouseFront_2.jpg,1,1
312006_HouseFront_2.jpg,1,1
341007_HouseFront_2.jpg,1,1
120002_HouseFront_2.jpg,2,2
293009_HouseFront_2.jpg,0,0
86003_HouseFront_2.jpg,2,1
236009_HouseFront_2.jpg,1,1
105012_HouseFront_2.jpg,3,1
1013016_HouseFront_2.jpg,4,1
148011_HouseFront_2.jpg,1,1
448010_HouseFront_2.jpg,1,1
369008_HouseFront_2.jpg,1,1
43003_HouseFront_2.jpg,1,1
75011_HouseFront_2.jpg,0,0
38006_HouseFront_2.jpg,1,0
498003_HouseFront_2.jpg,4,0
193003_HouseFront_2.jpg,0,3
506013_HouseFront_2.jpg,2,3
413012_HouseFront_2.jpg,2,2
164005_HouseFront_2.jpg,2,2
234011_HouseFront_2.jpg,3,3
105005_HouseFront_2.jpg,2,2
213012_HouseFront_2.jpg,2,2
216011_HouseFront_2.jpg,1,1
364006_HouseFront_2.jpg,2,0
26007_HouseFront_2.jpg,1,1
392005_HouseFront_2.jpg,3,0
112010_HouseFront_2.jpg,1,1
281007_HouseFront_2.jpg,0,2
64006_HouseFront_2.jpg,1,1
79004_HouseFront_2.jpg,4,2
117007_HouseFront_2.jpg,1,1
120002_HouseFront_2.jpg,2,1
239009_HouseFront_2.jpg,0,0
158014_HouseFront_2.jpg,2,0
366008_HouseFront_2.jpg,3,0
233007_HouseFront_2.jpg,4,2
309012_HouseFront_2.jpg,0,2
154008_HouseFront_2.jpg,2,2
134009_HouseFront_2.jpg,1,2
316004_HouseFront_2.jpg,1,1
126006_HouseFront_2.jpg,0,0
39006_HouseFront_2.jpg,2,0
287010_HouseFront_2.jpg,0,0
495009_HouseFront_2.jpg,1,1
411007_HouseFront_2.jpg,3,0
5011_HouseFront_2.jpg,1,1
244010_HouseFront_2.jpg,0,3
1069011_HouseFront_2.jpg,4,3
440001_HouseFront_2.jpg,3,2
372004_HouseFront_2.jpg,2,2
399011_HouseFront_2.jpg,2,2
58014_HouseFront_2.jpg,2,2
519009_HouseFront_2.jpg,2,2
117007_HouseFront_2.jpg,1,1
298008_HouseFront_2.jpg,4,0
381013_HouseFront_2.jpg,3,2
82003_HouseFront_2.jpg,2,1
216002_HouseFront_2.jpg,0,2
402003_HouseFront_2.jpg,2,1
469008_HouseFront_2.jpg,1,0
328010_HouseFront_2.jpg,0,0
321006_HouseFront_2.jpg,0,0
331008_HouseFront_2.jpg,0,0
206006_HouseFront_2.jpg,0,0
434010_HouseFront_2.jpg,0,0
443009_HouseFront_2.jpg,2,2
393004_HouseFront_2.jpg,3,1
200002_HouseFront_2.jpg,4,2
450006_HouseFront_2.jpg,4,4
369014_HouseFront_2.jpg,1,1
85003_HouseFront_2.jpg,2,0
277007_HouseFront_2.jpg,0,1
76002_HouseFront_2.jpg,1,2
149010_HouseFront_2.jpg,2,1
408011_HouseFront_2.jpg,3,0
183005_HouseFront_2.jpg,0,0
277003_HouseFront_2.jpg,0,0
183006_HouseFront_2.jpg,1,0
410008_HouseFront_2.jpg,2,0
317001_HouseFront_2.jpg,0,0
131006_HouseFront_2.jpg,4,0
258006_HouseFront_2.jpg,0,2
321009_HouseFront_2.jpg,2,0
68009_HouseFront_2.jpg,0,0
301011_HouseFront_2.jpg,0,0
1071001_HouseFront_2.jpg,4,3
344004_HouseFront_2.jpg,1,2
109003_HouseFront_2.jpg,3,0
114002_HouseFront_2.jpg,2,2
193009_HouseFront_2.jpg,0,0
1003001_HouseFront_2.jpg,0,0
445006_HouseFront_2.jpg,1,1
260004_HouseFront_2.jpg,0,0
220005_HouseFront_2.jpg,1,1
405007_HouseFront_2.jpg,2,0
144003_HouseFront_2.jpg,1,0
280007_HouseFront_2.jpg,4,0
436009_HouseFront_2.jpg,0,0
229013_HouseFront_2.jpg,0,0
109003_HouseFront_2.jpg,3,2
195008_HouseFront_2.jpg,0,0
38002_HouseFront_2.jpg,0,0
25002_HouseFront_2.jpg,2,1
287002_HouseFront_2.jpg,0,0
399001_HouseFront_2.jpg,3,0
404012_HouseFront_2.jpg,4,2
470003_HouseFront_2.jpg,2,2
435008_HouseFront_2.jpg,2,2
22004_HouseFront_2.jpg,1,1
469008_HouseFront_2.jpg,1,1
18003_HouseFront_2.jpg,2,2
264009_HouseFront_2.jpg,0,1
520013_HouseFront_2.jpg,1,1
514008_HouseFront_2.jpg,1,1
395011_HouseFront_2.jpg,2,0
195009_HouseFront_2.jpg,4,0
387012_HouseFront_2.jpg,0,3
149011_HouseFront_2.jpg,1,1
134005_HouseFront_2.jpg,1,1
504008_HouseFront_2.jpg,3,1
112001_HouseFront_2.jpg,1,1
506011_HouseFront_2.jpg,1,1
410014_HouseFront_2.jpg,2,2
154006_HouseFront_2.jpg,0,0
286002_HouseFront_2.jpg,0,0
1049003_HouseFront_2.jpg,4,1
44005_HouseFront_2.jpg,1,2
447012_HouseFront_2.jpg,3,1
275004_HouseFront_2.jpg,1,1
510006_HouseFront_2.jpg,2,0
312005_HouseFront_2.jpg,0,0
195008_HouseFront_2.jpg,0,0
233014_HouseFront_2.jpg,0,0
265008_HouseFront_2.jpg,0,0
277001_HouseFront_2.jpg,4,0
253004_HouseFront_2.jpg,1,0
371009_HouseFront_2.jpg,0,0
72008_HouseFront_2.jpg,2,1
182011_HouseFront_2.jpg,3,0
234004_HouseFront_2.jpg,1,1
142012_HouseFront_2.jpg,0,0
242003_HouseFront_2.jpg,0,0
277002_HouseFront_2.jpg,0,0
337008_HouseFront_2.jpg,0,0
183002_HouseFront_2.jpg,0,0
275002_HouseFront_2.jpg,3,0
431010_HouseFront_2.jpg,2,0
145001_HouseFront_2.jpg,1,0
183005_HouseFront_2.jpg,0,0
1006013_HouseFront_2.jpg,4,0
498002_HouseFront_2.jpg,1,1
283011_HouseFront_2.jpg,0,0
505003_HouseFront_2.jpg,1,1
233011_HouseFront_2.jpg,0,0
467009_HouseFront_2.jpg,0,0
118002_HouseFront_2.jpg,3,0
263006_HouseFront_2.jpg,0,0
442012_HouseFront_2.jpg,0,0
389009_HouseFront_2.jpg,2,1
234003_HouseFront_2.jpg,1,0
201006_HouseFront_2.jpg,0,0
368010_HouseFront_2.jpg,4,0
443003_HouseFront_2.jpg,0,0
287012_HouseFront_2.jpg,0,0
368003_HouseFront_2.jpg,0,0
242007_HouseFront_2.jpg,4,1
212005_HouseFront_2.jpg,2,2
77005_HouseFront_2.jpg,1,1
440001_HouseFront_2.jpg,3,2
33004_HouseFront_2.jpg,2,3
12001_HouseFront_2.jpg,2,2
214007_HouseFront_2.jpg,1,1
216002_HouseFront_2.jpg,0,0
455010_HouseFront_2.jpg,0,0
463006_HouseFront_2.jpg,4,0
518010_HouseFront_2.jpg,3,2
303006_HouseFront_2.jpg,1,3
448008_HouseFront_2.jpg,1,1
155003_HouseFront_2.jpg,1,1
37002_HouseFront_2.jpg,3,1
86005_HouseFront_2.jpg,2,1
250009_HouseFront_2.jpg,0,1
52005_HouseFront_2.jpg,1,1
67001_HouseFront_2.jpg,2,2
440010_HouseFront_2.jpg,3,0
394005_HouseFront_2.jpg,4,0
372007_HouseFront_2.jpg,2,2
281004_HouseFront_2.jpg,0,0
217001_HouseFront_2.jpg,1,0
468002_HouseFront_2.jpg,2,2
131003_HouseFront_2.jpg,1,1
334012_HouseFront_2.jpg,1,1
325007_HouseFront_2.jpg,0,1
42002_HouseFront_2.jpg,1,1
448009_HouseFront_2.jpg,1,0
328012_HouseFront_2.jpg,2,1
388007_HouseFront_2.jpg,1,1
242003_HouseFront_2.jpg,0,2
161001_HouseFront_2.jpg,3,1
452007_HouseFront_2.jpg,1,2
1012003_HouseFront_2.jpg,4,2
465002_HouseFront_2.jpg,2,2
364010_HouseFront_2.jpg,2,2
436005_HouseFront_2.jpg,3,3
325011_HouseFront_2.jpg,0,0
22004_HouseFront_2.jpg,1,1
205003_HouseFront_2.jpg,2,1
368008_HouseFront_2.jpg,4,3
189011_HouseFront_2.jpg,1,2
494003_HouseFront_2.jpg,1,1
63005_HouseFront_2.jpg,1,1
72008_HouseFront_2.jpg,2,2
212001_HouseFront_2.jpg,2,2
29005_HouseFront_2.jpg,2,2
388007_HouseFront_2.jpg,1,0
213013_HouseFront_2.jpg,0,0
406011_HouseFront_2.jpg,4,1
504005_HouseFront_2.jpg,2,2
514007_HouseFront_2.jpg,3,1
199007_HouseFront_2.jpg,1,1
118007_HouseFront_2.jpg,1,1
113004_HouseFront_2.jpg,1,1
1009003_HouseFront_2.jpg,0,0
192002_HouseFront_2.jpg,0,0
309003_HouseFront_2.jpg,1,0
302011_HouseFront_2.jpg,2,2
1028017_HouseFront_2.jpg,0,3
92011_HouseFront_2.jpg,2,2
420006_HouseFront_2.jpg,3,2
476007_HouseFront_2.jpg,2,1
60012_HouseFront_2.jpg,4,1
500011_HouseFront_2.jpg,2,2
398007_HouseFront_2.jpg,1,1
21004_HouseFront_2.jpg,1,1
22007_HouseFront_2.jpg,3,0
110012_HouseFront_2.jpg,0,1
88004_HouseFront_2.jpg,1,2
38006_HouseFront_2.jpg,1,1
45011_HouseFront_2.jpg,4,1
403002_HouseFront_2.jpg,2,1
511009_HouseFront_2.jpg,0,0
430005_HouseFront_2.jpg,2,2
1023002_HouseFront_2.jpg,0,0
309005_HouseFront_2.jpg,0,0
145012_HouseFront_2.jpg,1,0
284004_HouseFront_2.jpg,3,2
28009_HouseFront_2.jpg,2,1
369008_HouseFront_2.jpg,1,1
1028001_HouseFront_2.jpg,4,1
242012_HouseFront_2.jpg,0,1
500013_HouseFront_2.jpg,1,1
224008_HouseFront_2.jpg,0,0
236014_HouseFront_2.jpg,1,1
465008_HouseFront_2.jpg,2,2
154001_HouseFront_2.jpg,1,0
287002_HouseFront_2.jpg,0,3
400006_HouseFront_2.jpg,3,2
108006_HouseFront_2.jpg,4,2
382007_HouseFront_2.jpg,2,3
52012_HouseFront_2.jpg,3,2
470014_HouseFront_2.jpg,1,1
119006_HouseFront_2.jpg,3,3
14010_HouseFront_2.jpg,3,3
46007_HouseFront_2.jpg,2,1
83009_HouseFront_2.jpg,1,0
510001_HouseFront_2.jpg,4,0
87002_HouseFront_2.jpg,2,1
426004_HouseFront_2.jpg,2,2
255009_HouseFront_2.jpg,0,1
309006_HouseFront_2.jpg,2,2
212009_HouseFront_2.jpg,3,3
269008_HouseFront_2.jpg,2,2
91005_HouseFront_2.jpg,1,1
245002_HouseFront_2.jpg,1,1
