420007_HouseFront_2.jpg,3,0
128004_HouseFront_2.jpg,2,2
276008_HouseFront_2.jpg,4,1
36007_HouseFront_2.jpg,0,1
205002_HouseFront_2.jpg,2,2
32013_HouseFront_2.jpg,1,1
294003_HouseFront_2.jpg,0,0
341004_HouseFront_2.jpg,0,0
2001_HouseFront_2.jpg,2,2
104013_HouseFront_2.jpg,0,0
317013_HouseFront_2.jpg,0,0
418003_HouseFront_2.jpg,4,0
408011_HouseFront_2.jpg,3,2
460005_HouseFront_2.jpg,0,1
432013_HouseFront_2.jpg,2,1
287012_HouseFront_2.jpg,0,0
380011_HouseFront_2.jpg,1,1
134004_HouseFront_2.jpg,1,1
443011_HouseFront_2.jpg,2,2
321009_HouseFront_2.jpg,2,2
2001_HouseFront_2.jpg,2,0
42002_HouseFront_2.jpg,1,0
156011_HouseFront_2.jpg,4,1
287001_HouseFront_2.jpg,0,2
381011_HouseFront_2.jpg,3,1
524014_HouseFront_2.jpg,1,2
18003_HouseFront_2.jpg,2,2
240003_HouseFront_2.jpg,1,1
502008_HouseFront_2.jpg,2,2
415013_HouseFront_2.jpg,1,1
342010_HouseFront_2.jpg,0,0
1031005_HouseFront_2.jpg,2,0
382005_HouseFront_2.jpg,3,4
225013_HouseFront_2.jpg,4,1
286002_HouseFront_2.jpg,0,3
229013_HouseFront_2.jpg,0,0
138012_HouseFront_2.jpg,2,2
514007_HouseFront_2.jpg,3,1
330004_HouseFront_2.jpg,1,1
44007_HouseFront_2.jpg,1,1
234004_HouseFront_2.jpg,1,1
191010_HouseFront_2.jpg,2,0
1039003_HouseFront_2.jpg,0,2
275002_HouseFront_2.jpg,3,2
122004_HouseFront_2.jpg,2,4
90001_HouseFront_2.jpg,4,1
287013_HouseFront_2.jpg,1,1
5011_HouseFront_2.jpg,1,1
98004_HouseFront_2.jpg,1,1
212003_HouseFront_2.jpg,0,0
234004_HouseFront_2.jpg,1,1
269001_HouseFront_2.jpg,4,0
304011_HouseFront_2.jpg,1,2
108013_HouseFront_2.jpg,2,1
201006_HouseFront_2.jpg,0,2
365007_HouseFront_2.jpg,3,1
325002_HouseFront_2.jpg,1,1
64007_HouseFront_2.jpg,1,1
513006_HouseFront_2.jpg,2,1
312004_HouseFront_2.jpg,1,1
161009_HouseFront_2.jpg,1,1
1013016_HouseFront_2.jpg,4,0
86011_HouseFront_2.jpg,1,2
151002_HouseFront_2.jpg,3,2
343007_HouseFront_2.jpg,0,3
447012_HouseFront_2.jpg,3,1
391013_HouseFront_2.jpg,2,2
44010_HouseFront_2.jpg,1,2
82005_HouseFront_2.jpg,1,1
1002008_HouseFront_2.jpg,2,0
413012_HouseFront_2.jpg,2,2
49005_HouseFront_2.jpg,2,0
123005_HouseFront_2.jpg,3,0
56009_HouseFront_2.jpg,2,2
417013_HouseFront_2.jpg,4,1
524014_HouseFront_2.jpg,1,1
10003_HouseFront_2.jpg,1,1
491008_HouseFront_2.jpg,1,1
138004_HouseFront_2.jpg,0,1
245005_HouseFront_2.jpg,1,1
288007_HouseFront_2.jpg,0,0
446007_HouseFront_2.jpg,2,0
430010_HouseFront_2.jpg,1,1
215010_HouseFront_2.jpg,1,1
313010_HouseFront_2.jpg,0,1
303006_HouseFront_2.jpg,1,1
184004_HouseFront_2.jpg,2,2
485004_HouseFront_2.jpg,2,2
186003_HouseFront_2.jpg,4,0
197005_HouseFront_2.jpg,0,4
435001_HouseFront_2.jpg,3,0
445006_HouseFront_2.jpg,1,0
375011_HouseFront_2.jpg,2,0
28012_HouseFront_2.jpg,0,0
453001_HouseFront_2.jpg,3,2
1050008_HouseFront_2.jpg,0,0
6001_HouseFront_2.jpg,2,2
414005_HouseFront_2.jpg,4,3
418004_HouseFront_2.jpg,3,2
120002_HouseFront_2.jpg,2,0
43002_HouseFront_2.jpg,1,1
278008_HouseFront_2.jpg,1,0
511005_HouseFront_2.jpg,2,0
334005_HouseFront_2.jpg,0,0
144005_HouseFront_2.jpg,4,2
37002_HouseFront_2.jpg,3,4
264012_HouseFront_2.jpg,0,0
158014_HouseFront_2.jpg,2,2
470009_HouseFront_2.jpg,0,0
404009_HouseFront_2.jpg,0,0
518004_HouseFront_2.jpg,4,0
280004_HouseFront_2.jpg,4,0
121004_HouseFront_2.jpg,2,4
405008_HouseFront_2.jpg,3,3
117010_HouseFront_2.jpg,1,2
46007_HouseFront_2.jpg,2,0
371012_HouseFront_2.jpg,1,1
509010_HouseFront_2.jpg,4,0
127012_HouseFront_2.jpg,2,2
430012_HouseFront_2.jpg,1,1
514013_HouseFront_2.jpg,1,1
341007_HouseFront_2.jpg,1,0
158014_HouseFront_2.jpg,2,3
116013_HouseFront_2.jpg,1,1
333009_HouseFront_2.jpg,4,0
44001_HouseFront_2.jpg,3,0
381008_HouseFront_2.jpg,2,2
81012_HouseFront_2.jpg,1,1
183007_HouseFront_2.jpg,0,0
44006_HouseFront_2.jpg,1,1
404011_HouseFront_2.jpg,0,0
89003_HouseFront_2.jpg,3,0
1042013_HouseFront_2.jpg,4,0
466012_HouseFront_2.jpg,2,4
273006_HouseFront_2.jpg,1,1
84013_HouseFront_2.jpg,4,2
26003_HouseFront_2.jpg,2,1
268002_HouseFront_2.jpg,1,0
363011_HouseFront_2.jpg,0,0
1016007_HouseFront_2.jpg,0,0
95012_HouseFront_2.jpg,1,1
248009_HouseFront_2.jpg,4,0
28012_HouseFront_2.jpg,0,2
466006_HouseFront_2.jpg,2,1
22004_HouseFront_2.jpg,1,1
518013_HouseFront_2.jpg,3,1
264009_HouseFront_2.jpg,0,0
26008_HouseFront_2.jpg,1,0
325011_HouseFront_2.jpg,0,0
38002_HouseFront_2.jpg,0,0
442012_HouseFront_2.jpg,0,0
137008_HouseFront_2.jpg,3,0
446001_HouseFront_2.jpg,4,2
369007_HouseFront_2.jpg,2,1
412004_HouseFront_2.jpg,0,0
42002_HouseFront_2.jpg,1,1
247009_HouseFront_2.jpg,0,0
10003_HouseFront_2.jpg,1,1
2007_HouseFront_2.jpg,2,2
56010_HouseFront_2.jpg,1,1
480011_HouseFront_2.jpg,1,1
514002_HouseFront_2.jpg,3,0
120001_HouseFront_2.jpg,0,0
456010_HouseFront_2.jpg,1,2
1042007_HouseFront_2.jpg,4,2
313013_HouseFront_2.jpg,3,3
309006_HouseFront_2.jpg,2,2
266011_HouseFront_2.jpg,2,2
290011_HouseFront_2.jpg,1,1
478006_HouseFront_2.jpg,0,0
467010_HouseFront_2.jpg,1,1
224002_HouseFront_2.jpg,1,0
72010_HouseFront_2.jpg,3,1
298005_HouseFront_2.jpg,0,2
106013_HouseFront_2.jpg,1,1
245005_HouseFront_2.jpg,1,1
311004_HouseFront_2.jpg,2,0
324009_HouseFront_2.jpg,4,0
44013_HouseFront_2.jpg,0,0
294003_HouseFront_2.jpg,0,0
183014_HouseFront_2.jpg,0,0
255009_HouseFront_2.jpg,0,0
87005_HouseFront_2.jpg,4,3
381012_HouseFront_2.jpg,3,1
237001_HouseFront_2.jpg,2,0
275001_HouseFront_2.jpg,1,1
225001_HouseFront_2.jpg,0,0
326012_HouseFront_2.jpg,0,0
1023006_HouseFront_2.jpg,0,0
229013_HouseFront_2.jpg,0,0
464011_HouseFront_2.jpg,2,2
1063017_HouseFront_2.jpg,0,0
483004_HouseFront_2.jpg,4,3
466010_HouseFront_2.jpg,2,1
440006_HouseFront_2.jpg,3,0
1071017_HouseFront_2.jpg,0,0
1036001_HouseFront_2.jpg,3,3
509001_HouseFront_2.jpg,3,3
88012_HouseFront_2.jpg,1,1
117007_HouseFront_2.jpg,1,1
11001_HouseFront_2.jpg,1,1
304007_HouseFront_2.jpg,4,0
270009_HouseFront_2.jpg,1,4
502009_HouseFront_2.jpg,2,3
237005_HouseFront_2.jpg,0,1
187012_HouseFront_2.jpg,1,0
234011_HouseFront_2.jpg,3,1
474003_HouseFront_2.jpg,2,2
316005_HouseFront_2.jpg,1,1
517007_HouseFront_2.jpg,4,1
59012_HouseFront_2.jpg,2,2
117011_HouseFront_2.jpg,2,0
432008_HouseFront_2.jpg,1,2
159011_HouseFront_2.jpg,1,1
269001_HouseFront_2.jpg,4,1
286010_HouseFront_2.jpg,1,1
301001_HouseFront_2.jpg,0,0
367014_HouseFront_2.jpg,3,0
379012_HouseFront_2.jpg,2,0
1003018_HouseFront_2.jpg,0,0
328009_HouseFront_2.jpg,1,1
189002_HouseFront_2.jpg,4,0
502006_HouseFront_2.jpg,3,2
39006_HouseFront_2.jpg,2,1
374006_HouseFront_2.jpg,0,0
333010_HouseFront_2.jpg,1,0
310008_HouseFront_2.jpg,0,1
99005_HouseFront_2.jpg,1,2
82004_HouseFront_2.jpg,2,0
310001_HouseFront_2.jpg,0,0
279007_HouseFront_2.jpg,1,1
32013_HouseFront_2.jpg,1,0
514005_HouseFront_2.jpg,2,0
413008_HouseFront_2.jpg,3,0
273006_HouseFront_2.jpg,1,1
391007_HouseFront_2.jpg,2,2
478006_HouseFront_2.jpg,0,0
452007_HouseFront_2.jpg,1,1
448008_HouseFront_2.jpg,1,1
152011_HouseFront_2.jpg,4,0
189013_HouseFront_2.jpg,0,2
341011_HouseFront_2.jpg,2,0
127001_HouseFront_2.jpg,3,0
121009_HouseFront_2.jpg,4,0
145012_HouseFront_2.jpg,1,1
185007_HouseFront_2.jpg,1,1
337005_HouseFront_2.jpg,0,0
39006_HouseFront_2.jpg,2,2
309010_HouseFront_2.jpg,0,0
199007_HouseFront_2.jpg,1,1
269011_HouseFront_2.jpg,2,2
305009_HouseFront_2.jpg,4,0
255009_HouseFront_2.jpg,0,2
473012_HouseFront_2.jpg,1,3
12001_HouseFront_2.jpg,2,2
495004_HouseFront_2.jpg,3,0
281007_HouseFront_2.jpg,0,0
139005_HouseFront_2.jpg,0,0
63008_HouseFront_2.jpg,2,2
310008_HouseFront_2.jpg,0,0
246011_HouseFront_2.jpg,1,1
83009_HouseFront_2.jpg,1,0
312005_HouseFront_2.jpg,0,1
208009_HouseFront_2.jpg,4,1
287013_HouseFront_2.jpg,1,2
395007_HouseFront_2.jpg,3,0
301010_HouseFront_2.jpg,0,0
248006_HouseFront_2.jpg,2,1
410004_HouseFront_2.jpg,0,0
503001_HouseFront_2.jpg,2,2
281004_HouseFront_2.jpg,0,0
435001_HouseFront_2.jpg,3,0
372012_HouseFront_2.jpg,1,0
280007_HouseFront_2.jpg,4,0
482003_HouseFront_2.jpg,1,1
265008_HouseFront_2.jpg,0,2
368004_HouseFront_2.jpg,0,0
58014_HouseFront_2.jpg,2,2
154006_HouseFront_2.jpg,0,0
467009_HouseFront_2.jpg,0,0
93005_HouseFront_2.jpg,1,1
1003001_HouseFront_2.jpg,0,0
373002_HouseFront_2.jpg,4,2
502007_HouseFront_2.jpg,2,1
476001_HouseFront_2.jpg,1,1
469008_HouseFront_2.jpg,1,1
96008_HouseFront_2.jpg,3,3
287011_HouseFront_2.jpg,0,0
490010_HouseFront_2.jpg,1,1
31010_HouseFront_2.jpg,0,0
38002_HouseFront_2.jpg,0,0
64007_HouseFront_2.jpg,1,0
502009_HouseFront_2.jpg,2,1
191001_HouseFront_2.jpg,3,1
86007_HouseFront_2.jpg,1,0
61007_HouseFront_2.jpg,4,0
79012_HouseFront_2.jpg,1,1
511009_HouseFront_2.jpg,0,0
330004_HouseFront_2.jpg,1,1
264009_HouseFront_2.jpg,0,0
1064011_HouseFront_2.jpg,0,0
491005_HouseFront_2.jpg,3,0
46009_HouseFront_2.jpg,2,0
152011_HouseFront_2.jpg,4,0
155004_HouseFront_2.jpg,1,2
498014_HouseFront_2.jpg,2,0
263011_HouseFront_2.jpg,0,0
342010_HouseFront_2.jpg,0,0
209012_HouseFront_2.jpg,1,1
132014_HouseFront_2.jpg,0,0
414008_HouseFront_2.jpg,1,1
94010_HouseFront_2.jpg,4,0
49005_HouseFront_2.jpg,2,0
331005_HouseFront_2.jpg,0,0
300006_HouseFront_2.jpg,0,0
312006_HouseFront_2.jpg,1,0
498010_HouseFront_2.jpg,3,0
499012_HouseFront_2.jpg,3,3
216005_HouseFront_2.jpg,0,0
82014_HouseFront_2.jpg,0,0
224008_HouseFront_2.jpg,0,0
269013_HouseFront_2.jpg,3,0
108010_HouseFront_2.jpg,4,3
67003_HouseFront_2.jpg,1,2
408003_HouseFront_2.jpg,0,1
465006_HouseFront_2.jpg,2,3
258012_HouseFront_2.jpg,0,0
431003_HouseFront_2.jpg,3,0
476014_HouseFront_2.jpg,1,0
68001_HouseFront_2.jpg,0,0
88004_HouseFront_2.jpg,1,1
470014_HouseFront_2.jpg,1,0
84014_HouseFront_2.jpg,0,1
122007_HouseFront_2.jpg,4,1
476013_HouseFront_2.jpg,3,2
29003_HouseFront_2.jpg,1,0
108005_HouseFront_2.jpg,2,0
265003_HouseFront_2.jpg,0,2
466010_HouseFront_2.jpg,2,0
309005_HouseFront_2.jpg,0,0
293009_HouseFront_2.jpg,0,0
280004_HouseFront_2.jpg,4,0
255009_HouseFront_2.jpg,0,3
468007_HouseFront_2.jpg,2,2
292013_HouseFront_2.jpg,1,1
495004_HouseFront_2.jpg,3,0
238002_HouseFront_2.jpg,0,1
187003_HouseFront_2.jpg,1,0
11008_HouseFront_2.jpg,0,0
468003_HouseFront_2.jpg,0,0
54005_HouseFront_2.jpg,1,1
296010_HouseFront_2.jpg,4,0
344004_HouseFront_2.jpg,1,0
455004_HouseFront_2.jpg,2,0
375005_HouseFront_2.jpg,3,0
332011_HouseFront_2.jpg,0,0
102014_HouseFront_2.jpg,0,0
132014_HouseFront_2.jpg,0,0
328009_HouseFront_2.jpg,1,1
183002_HouseFront_2.jpg,0,0
343005_HouseFront_2.jpg,0,0
401013_HouseFront_2.jpg,1,0
405008_HouseFront_2.jpg,3,0
518014_HouseFront_2.jpg,2,0
510008_HouseFront_2.jpg,4,1
292008_HouseFront_2.jpg,1,2
149001_HouseFront_2.jpg,2,0
1050008_HouseFront_2.jpg,0,1
334012_HouseFront_2.jpg,1,1
504011_HouseFront_2.jpg,3,3
443001_HouseFront_2.jpg,1,1
334005_HouseFront_2.jpg,0,0
320011_HouseFront_2.jpg,4,3
79012_HouseFront_2.jpg,1,3
213008_HouseFront_2.jpg,1,1
65010_HouseFront_2.jpg,2,0
123010_HouseFront_2.jpg,3,1
282010_HouseFront_2.jpg,1,2
135005_HouseFront_2.jpg,2,1
264009_HouseFront_2.jpg,0,1
314003_HouseFront_2.jpg,1,0
271002_HouseFront_2.jpg,3,0
287010_HouseFront_2.jpg,0,0
84006_HouseFront_2.jpg,0,0
292014_HouseFront_2.jpg,2,2
455010_HouseFront_2.jpg,0,0
63011_HouseFront_2.jpg,1,0
392001_HouseFront_2.jpg,0,3
484002_HouseFront_2.jpg,4,0
518013_HouseFront_2.jpg,3,2
468003_HouseFront_2.jpg,0,0
323002_HouseFront_2.jpg,1,0
466010_HouseFront_2.jpg,2,0
139005_HouseFront_2.jpg,0,0
66009_HouseFront_2.jpg,4,0
293009_HouseFront_2.jpg,0,0
375001_HouseFront_2.jpg,3,0
364005_HouseFront_2.jpg,0,0
73008_HouseFront_2.jpg,0,0
309010_HouseFront_2.jpg,0,0
371008_HouseFront_2.jpg,0,0
253002_HouseFront_2.jpg,1,0
1064003_HouseFront_2.jpg,4,0
205002_HouseFront_2.jpg,2,0
433005_HouseFront_2.jpg,3,0
287001_HouseFront_2.jpg,0,0
1016007_HouseFront_2.jpg,0,0
149001_HouseFront_2.jpg,2,2
261010_HouseFront_2.jpg,1,1
62009_HouseFront_2.jpg,0,0
99005_HouseFront_2.jpg,1,1
375001_HouseFront_2.jpg,3,0
315014_HouseFront_2.jpg,2,0
333007_HouseFront_2.jpg,0,0
208007_HouseFront_2.jpg,4,0
420009_HouseFront_2.jpg,4,4
129010_HouseFront_2.jpg,0,0
445001_HouseFront_2.jpg,1,0
425006_HouseFront_2.jpg,0,0
84006_HouseFront_2.jpg,0,0
432011_HouseFront_2.jpg,2,2
300002_HouseFront_2.jpg,2,0
369008_HouseFront_2.jpg,1,2
2002_HouseFront_2.jpg,2,2
462009_HouseFront_2.jpg,0,0
462011_HouseFront_2.jpg,4,0
382005_HouseFront_2.jpg,3,0
337008_HouseFront_2.jpg,0,0
91005_HouseFront_2.jpg,1,1
1069016_HouseFront_2.jpg,0,0
1049006_HouseFront_2.jpg,2,2
331006_HouseFront_2.jpg,0,0
445009_HouseFront_2.jpg,2,0
1002001_HouseFront_2.jpg,0,0
381011_HouseFront_2.jpg,3,3
446004_HouseFront_2.jpg,4,1
315007_HouseFront_2.jpg,0,0
380007_HouseFront_2.jpg,0,0
57006_HouseFront_2.jpg,1,0
283011_HouseFront_2.jpg,0,0
51005_HouseFront_2.jpg,1,1
195005_HouseFront_2.jpg,3,0
365008_HouseFront_2.jpg,4,1
343002_HouseFront_2.jpg,0,1
145011_HouseFront_2.jpg,1,0
234014_HouseFront_2.jpg,2,0
232005_HouseFront_2.jpg,0,0
249001_HouseFront_2.jpg,0,0
129010_HouseFront_2.jpg,0,0
317013_HouseFront_2.jpg,0,0
480008_HouseFront_2.jpg,0,0
235006_HouseFront_2.jpg,1,0
376005_HouseFront_2.jpg,0,0
395011_HouseFront_2.jpg,2,0
403012_HouseFront_2.jpg,3,0
97006_HouseFront_2.jpg,4,0
309005_HouseFront_2.jpg,0,0
218004_HouseFront_2.jpg,0,0
247005_HouseFront_2.jpg,0,0
434006_HouseFront_2.jpg,0,0
483011_HouseFront_2.jpg,0,0
419014_HouseFront_2.jpg,0,0
1015011_HouseFront_2.jpg,2,0
48013_HouseFront_2.jpg,3,1
476014_HouseFront_2.jpg,1,0
108012_HouseFront_2.jpg,4,0
119006_HouseFront_2.jpg,3,3
68009_HouseFront_2.jpg,0,0
437010_HouseFront_2.jpg,0,0
227004_HouseFront_2.jpg,0,0
37011_HouseFront_2.jpg,0,0
57004_HouseFront_2.jpg,1,0
45004_HouseFront_2.jpg,2,0
156013_HouseFront_2.jpg,4,0
258004_HouseFront_2.jpg,0,0
375001_HouseFront_2.jpg,3,0
510013_HouseFront_2.jpg,0,0
156012_HouseFront_2.jpg,0,0
297014_HouseFront_2.jpg,0,0
301001_HouseFront_2.jpg,0,0
181011_HouseFront_2.jpg,0,0
96001_HouseFront_2.jpg,3,0
261010_HouseFront_2.jpg,1,0
333009_HouseFront_2.jpg,4,0
238009_HouseFront_2.jpg,0,0
238012_HouseFront_2.jpg,2,0
297004_HouseFront_2.jpg,0,0
139005_HouseFront_2.jpg,0,0
187006_HouseFront_2.jpg,0,0
478006_HouseFront_2.jpg,0,0
342013_HouseFront_2.jpg,0,0
80007_HouseFront_2.jpg,0,0
1049006_HouseFront_2.jpg,2,0
382005_HouseFront_2.jpg,3,3
491001_HouseFront_2.jpg,1,0
1007001_HouseFront_2.jpg,4,0
185002_HouseFront_2.jpg,0,4
501006_HouseFront_2.jpg,4,0
189013_HouseFront_2.jpg,0,0
223003_HouseFront_2.jpg,0,0
294003_HouseFront_2.jpg,0,0
371009_HouseFront_2.jpg,0,0
143009_HouseFront_2.jpg,3,0
270004_HouseFront_2.jpg,4,0
443006_HouseFront_2.jpg,0,1
419008_HouseFront_2.jpg,0,0
443005_HouseFront_2.jpg,0,0
468007_HouseFront_2.jpg,2,0
69004_HouseFront_2.jpg,1,1
203002_HouseFront_2.jpg,0,0
405001_HouseFront_2.jpg,0,0
376006_HouseFront_2.jpg,2,0
64010_HouseFront_2.jpg,1,1
10012_HouseFront_2.jpg,4,0
28011_HouseFront_2.jpg,3,0
405002_HouseFront_2.jpg,0,0
115010_HouseFront_2.jpg,0,0
83007_HouseFront_2.jpg,1,1
1053008_HouseFront_2.jpg,0,0
239009_HouseFront_2.jpg,0,0
434006_HouseFront_2.jpg,0,0
131007_HouseFront_2.jpg,3,0
23004_HouseFront_2.jpg,2,2
334012_HouseFront_2.jpg,1,0
477010_HouseFront_2.jpg,4,4
68003_HouseFront_2.jpg,0,0
156002_HouseFront_2.jpg,0,0
22005_HouseFront_2.jpg,2,2
278010_HouseFront_2.jpg,1,1
443014_HouseFront_2.jpg,0,0
258012_HouseFront_2.jpg,0,0
495004_HouseFront_2.jpg,3,0
309007_HouseFront_2.jpg,1,1
247005_HouseFront_2.jpg,0,0
161012_HouseFront_2.jpg,2,0
156002_HouseFront_2.jpg,0,0
446001_HouseFront_2.jpg,4,2
86006_HouseFront_2.jpg,2,0
279012_HouseFront_2.jpg,0,0
221013_HouseFront_2.jpg,2,2
250006_HouseFront_2.jpg,0,0
447010_HouseFront_2.jpg,3,0
212001_HouseFront_2.jpg,2,2
106002_HouseFront_2.jpg,4,4
44014_HouseFront_2.jpg,2,2
268011_HouseFront_2.jpg,0,1
489008_HouseFront_2.jpg,1,0
386003_HouseFront_2.jpg,0,2
282008_HouseFront_2.jpg,2,0
265004_HouseFront_2.jpg,0,0
288010_HouseFront_2.jpg,0,0
273014_HouseFront_2.jpg,0,0
212009_HouseFront_2.jpg,3,0
281002_HouseFront_2.jpg,0,2
516009_HouseFront_2.jpg,4,0
467009_HouseFront_2.jpg,0,3
365014_HouseFront_2.jpg,3,0
2002_HouseFront_2.jpg,2,0
286012_HouseFront_2.jpg,0,0
301001_HouseFront_2.jpg,0,0
200007_HouseFront_2.jpg,1,0
414006_HouseFront_2.jpg,4,0
265008_HouseFront_2.jpg,0,1
455004_HouseFront_2.jpg,2,0
405002_HouseFront_2.jpg,0,0
447012_HouseFront_2.jpg,3,0
112010_HouseFront_2.jpg,1,1
58014_HouseFront_2.jpg,2,2
11008_HouseFront_2.jpg,0,0
443014_HouseFront_2.jpg,0,0
510013_HouseFront_2.jpg,0,0
19003_HouseFront_2.jpg,2,0
194011_HouseFront_2.jpg,4,0
224007_HouseFront_2.jpg,0,0
421009_HouseFront_2.jpg,0,0
262008_HouseFront_2.jpg,0,0
389004_HouseFront_2.jpg,3,0
468003_HouseFront_2.jpg,0,0
476008_HouseFront_2.jpg,1,1
220007_HouseFront_2.jpg,1,1
479003_HouseFront_2.jpg,1,1
337008_HouseFront_2.jpg,0,0
289003_HouseFront_2.jpg,3,1
120002_HouseFront_2.jpg,2,0
292013_HouseFront_2.jpg,1,0
193003_HouseFront_2.jpg,0,0
122001_HouseFront_2.jpg,4,0
253003_HouseFront_2.jpg,1,1
241008_HouseFront_2.jpg,0,0
207008_HouseFront_2.jpg,0,0
1003001_HouseFront_2.jpg,0,0
443001_HouseFront_2.jpg,1,0
72011_HouseFront_2.jpg,3,0
104013_HouseFront_2.jpg,0,1
391003_HouseFront_2.jpg,2,0
80008_HouseFront_2.jpg,1,0
456001_HouseFront_2.jpg,4,0
263006_HouseFront_2.jpg,0,0
344009_HouseFront_2.jpg,0,0
288007_HouseFront_2.jpg,0,0
32008_HouseFront_2.jpg,2,2
209004_HouseFront_2.jpg,3,0
228005_HouseFront_2.jpg,4,1
214011_HouseFront_2.jpg,0,0
2006_HouseFront_2.jpg,2,1
365006_HouseFront_2.jpg,1,1
338004_HouseFront_2.jpg,0,0
132014_HouseFront_2.jpg,0,0
410014_HouseFront_2.jpg,2,2
101009_HouseFront_2.jpg,1,1
286011_HouseFront_2.jpg,0,0
421009_HouseFront_2.jpg,0,0
294009_HouseFront_2.jpg,2,1
97011_HouseFront_2.jpg,4,3
193014_HouseFront_2.jpg,3,2
405002_HouseFront_2.jpg,0,0
278010_HouseFront_2.jpg,1,1
426004_HouseFront_2.jpg,2,1
343005_HouseFront_2.jpg,0,0
214007_HouseFront_2.jpg,1,0
265008_HouseFront_2.jpg,0,0
50009_HouseFront_2.jpg,2,0
232005_HouseFront_2.jpg,0,0
368010_HouseFront_2.jpg,4,0
188002_HouseFront_2.jpg,0,1
400004_HouseFront_2.jpg,1,1
134004_HouseFront_2.jpg,1,1
312004_HouseFront_2.jpg,1,1
1017016_HouseFront_2.jpg,3,0
161012_HouseFront_2.jpg,2,2
485011_HouseFront_2.jpg,0,0
215005_HouseFront_2.jpg,4,0
92011_HouseFront_2.jpg,2,1
212009_HouseFront_2.jpg,3,0
366003_HouseFront_2.jpg,2,2
319012_HouseFront_2.jpg,0,1
31010_HouseFront_2.jpg,0,0
109006_HouseFront_2.jpg,0,0
494006_HouseFront_2.jpg,0,0
434010_HouseFront_2.jpg,0,0
258006_HouseFront_2.jpg,0,0
341004_HouseFront_2.jpg,0,0
183006_HouseFront_2.jpg,1,2
418004_HouseFront_2.jpg,3,0
111008_HouseFront_2.jpg,4,0
265002_HouseFront_2.jpg,0,0
466002_HouseFront_2.jpg,2,0
371004_HouseFront_2.jpg,1,1
247009_HouseFront_2.jpg,0,0
73010_HouseFront_2.jpg,0,0
129010_HouseFront_2.jpg,0,0
502009_HouseFront_2.jpg,2,0
258006_HouseFront_2.jpg,0,0
255011_HouseFront_2.jpg,4,1
244002_HouseFront_2.jpg,4,4
161001_HouseFront_2.jpg,3,0
249002_HouseFront_2.jpg,1,0
480009_HouseFront_2.jpg,0,0
421009_HouseFront_2.jpg,0,0
24007_HouseFront_2.jpg,0,0
62011_HouseFront_2.jpg,0,0
126006_HouseFront_2.jpg,0,0
304008_HouseFront_2.jpg,1,0
219006_HouseFront_2.jpg,0,2
139005_HouseFront_2.jpg,0,0
29006_HouseFront_2.jpg,3,0
54012_HouseFront_2.jpg,2,2
1006011_HouseFront_2.jpg,4,0
58014_HouseFront_2.jpg,2,2
181008_HouseFront_2.jpg,0,0
267010_HouseFront_2.jpg,0,0
1049011_HouseFront_2.jpg,4,0
23007_HouseFront_2.jpg,2,1
369005_HouseFront_2.jpg,3,1
37011_HouseFront_2.jpg,0,0
310001_HouseFront_2.jpg,0,0
343005_HouseFront_2.jpg,0,0
82005_HouseFront_2.jpg,1,0
382001_HouseFront_2.jpg,0,0
363006_HouseFront_2.jpg,0,0
500013_HouseFront_2.jpg,1,1
84009_HouseFront_2.jpg,4,0
118002_HouseFront_2.jpg,3,0
278007_HouseFront_2.jpg,1,0
197012_HouseFront_2.jpg,2,0
392001_HouseFront_2.jpg,0,0
313010_HouseFront_2.jpg,0,0
301004_HouseFront_2.jpg,0,0
310008_HouseFront_2.jpg,0,0
365006_HouseFront_2.jpg,1,1
201003_HouseFront_2.jpg,0,0
378012_HouseFront_2.jpg,2,0
438005_HouseFront_2.jpg,0,1
155002_HouseFront_2.jpg,1,1
370003_HouseFront_2.jpg,3,1
210010_HouseFront_2.jpg,4,0
476001_HouseFront_2.jpg,1,2
33004_HouseFront_2.jpg,2,1
1050011_HouseFront_2.jpg,0,0
344004_HouseFront_2.jpg,1,2
203002_HouseFront_2.jpg,0,0
483008_HouseFront_2.jpg,3,0
501011_HouseFront_2.jpg,4,2
134004_HouseFront_2.jpg,1,3
297004_HouseFront_2.jpg,0,1
145001_HouseFront_2.jpg,1,0
196002_HouseFront_2.jpg,0,0
382003_HouseFront_2.jpg,2,0
374003_HouseFront_2.jpg,3,0
283012_HouseFront_2.jpg,1,1
309003_HouseFront_2.jpg,1,1
198006_HouseFront_2.jpg,2,0
448011_HouseFront_2.jpg,0,0
225001_HouseFront_2.jpg,0,0
275001_HouseFront_2.jpg,1,0
459004_HouseFront_2.jpg,4,0
290011_HouseFront_2.jpg,1,1
371008_HouseFront_2.jpg,0,0
229007_HouseFront_2.jpg,0,0
427011_HouseFront_2.jpg,3,0
301002_HouseFront_2.jpg,0,1
99005_HouseFront_2.jpg,1,0
450010_HouseFront_2.jpg,3,0
233001_HouseFront_2.jpg,0,1
1033001_HouseFront_2.jpg,0,0
1023006_HouseFront_2.jpg,0,0
155004_HouseFront_2.jpg,1,0
149010_HouseFront_2.jpg,2,0
413002_HouseFront_2.jpg,0,0
458001_HouseFront_2.jpg,0,0
227011_HouseFront_2.jpg,4,2
1036005_HouseFront_2.jpg,1,0
520012_HouseFront_2.jpg,2,2
220012_HouseFront_2.jpg,3,1
501006_HouseFront_2.jpg,4,1
279001_HouseFront_2.jpg,0,0
191007_HouseFront_2.jpg,1,0
309005_HouseFront_2.jpg,0,0
75011_HouseFront_2.jpg,0,0
192001_HouseFront_2.jpg,0,0
264009_HouseFront_2.jpg,0,0
264001_HouseFront_2.jpg,4,0
491008_HouseFront_2.jpg,1,1
77005_HouseFront_2.jpg,1,1
61002_HouseFront_2.jpg,0,0
265004_HouseFront_2.jpg,0,0
1049006_HouseFront_2.jpg,2,0
305007_HouseFront_2.jpg,0,3
281001_HouseFront_2.jpg,0,0
413002_HouseFront_2.jpg,0,0
443006_HouseFront_2.jpg,0,0
432010_HouseFront_2.jpg,3,0
308012_HouseFront_2.jpg,1,0
281002_HouseFront_2.jpg,0,0
61002_HouseFront_2.jpg,0,0
194002_HouseFront_2.jpg,4,0
265002_HouseFront_2.jpg,0,3
44003_HouseFront_2.jpg,2,3
341011_HouseFront_2.jpg,2,2
241009_HouseFront_2.jpg,3,1
57006_HouseFront_2.jpg,1,1
523006_HouseFront_2.jpg,3,0
156011_HouseFront_2.jpg,4,1
1003002_HouseFront_2.jpg,0,1
481008_HouseFront_2.jpg,2,2
486011_HouseFront_2.jpg,1,1
145012_HouseFront_2.jpg,1,1
183006_HouseFront_2.jpg,1,1
183002_HouseFront_2.jpg,0,0
343008_HouseFront_2.jpg,0,0
252007_HouseFront_2.jpg,0,0
1005_HouseFront_2.jpg,1,0
298007_HouseFront_2.jpg,3,0
386012_HouseFront_2.jpg,4,2
245005_HouseFront_2.jpg,1,1
232005_HouseFront_2.jpg,0,0
155003_HouseFront_2.jpg,1,1
446007_HouseFront_2.jpg,2,0
275007_HouseFront_2.jpg,0,0
484011_HouseFront_2.jpg,0,0
260003_HouseFront_2.jpg,1,1
80007_HouseFront_2.jpg,0,0
241009_HouseFront_2.jpg,3,0
305007_HouseFront_2.jpg,0,1
308003_HouseFront_2.jpg,4,0
63001_HouseFront_2.jpg,2,2
301011_HouseFront_2.jpg,0,0
50002_HouseFront_2.jpg,1,0
61002_HouseFront_2.jpg,0,0
299010_HouseFront_2.jpg,0,0
109010_HouseFront_2.jpg,1,1
40004_HouseFront_2.jpg,1,0
326004_HouseFront_2.jpg,0,1
116013_HouseFront_2.jpg,1,0
364006_HouseFront_2.jpg,2,0
29006_HouseFront_2.jpg,3,0
380007_HouseFront_2.jpg,0,1
38011_HouseFront_2.jpg,1,1
286012_HouseFront_2.jpg,0,0
46006_HouseFront_2.jpg,4,0
255009_HouseFront_2.jpg,0,0
489008_HouseFront_2.jpg,1,0
421006_HouseFront_2.jpg,2,2
136004_HouseFront_2.jpg,1,1
1049001_HouseFront_2.jpg,4,1
290002_HouseFront_2.jpg,0,1
404011_HouseFront_2.jpg,0,0
508013_HouseFront_2.jpg,3,0
264009_HouseFront_2.jpg,0,0
273014_HouseFront_2.jpg,0,0
315007_HouseFront_2.jpg,0,0
60012_HouseFront_2.jpg,4,0
482009_HouseFront_2.jpg,0,0
1015011_HouseFront_2.jpg,2,1
330005_HouseFront_2.jpg,3,1
63011_HouseFront_2.jpg,1,0
207004_HouseFront_2.jpg,0,1
111003_HouseFront_2.jpg,1,0
265003_HouseFront_2.jpg,0,1
189013_HouseFront_2.jpg,0,0
458001_HouseFront_2.jpg,0,0
498002_HouseFront_2.jpg,1,0
417008_HouseFront_2.jpg,3,0
1042013_HouseFront_2.jpg,4,0
393004_HouseFront_2.jpg,3,3
406009_HouseFront_2.jpg,0,1
209012_HouseFront_2.jpg,1,0
401007_HouseFront_2.jpg,2,0
323008_HouseFront_2.jpg,0,0
117011_HouseFront_2.jpg,2,2
188010_HouseFront_2.jpg,1,1
